username,token,addressId
jmeter1,eyJhbGciOiJIUzI1NiJ9.eyJzdWIiOiIxIiwidXNlcm5hbWUiOiJqbWV0ZXIxIiwiaWF0IjoxNzg2NTQxMzk0LCJleHAiOjE3ODY2Mjc3OTR9.fTO5K9NBz2UIfMv9TIB-ix6k4aYZXg1-INsBOlGQSuc,601
jmeter2,eyJhbGciOiJIUzI1NiJ9.eyJzdWIiOiIyIiwidXNlcm5hbWUiOiJqbWV0ZXIyIiwiaWF0IjoxNzg2NTQxMzk0LCJleHAiOjE3ODY2Mjc3OTR9.y1bvZZmrYtwyN8Qmd199HhU0CmRt20Zo6GvH8u8j1RE,602
jmeter3,eyJhbGciOiJIUzI1NiJ9.eyJzdWIiOiIzIiwidXNlcm5hbWUiOiJqbWV0ZXIzIiwiaWF0IjoxNzg2NTQxMzk0LCJleHAiOjE3ODY2Mjc3OTR9.x-M1nSpRwx-iGN8rTwnWbtfDUvHnuc9VzmHcwVMBWGs,603
jmeter4,eyJhbGciOiJIUzI1NiJ9.eyJzdWIiOiI0IiwidXNlcm5hbWUiOiJqbWV0ZXI0IiwiaWF0IjoxNzg2NTQxMzk0LCJleHAiOjE3ODY2Mjc3OTR9.aKGdM98Sbd82uwyx1Ruzy34OuWcL1SK6UeuljJ5zMG4,604
jmeter5,eyJhbGciOiJIUzI1NiJ9.eyJzdWIiOiI1IiwidXNlcm5hbWUiOiJqbWV0ZXI1IiwiaWF0IjoxNzg2NTQxMzk0LCJleHAiOjE3ODY2Mjc3OTR9.4VbKr6sLELzA79E9Ktq5MlyKHkhMvV46GB8UQ3on4YY,605
jmeter6,eyJhbGciOiJIUzI1NiJ9.eyJzdWIiOiI2IiwidXNlcm5hbWUiOiJqbWV0ZXI2IiwiaWF0IjoxNzg2NTQxMzk1LCJleHAiOjE3ODY2Mjc3OTV9.sIMnLuEEaClEUhd43tsXFug2pLG7RomgtT-QxkHKexw,606
jmeter7,eyJhbGciOiJIUzI1NiJ9.eyJzdWIiOiI3IiwidXNlcm5hbWUiOiJqbWV0ZXI3IiwiaWF0IjoxNzg2NTQxMzk1LCJleHAiOjE3ODY2Mjc3OTV9.wbWb6IUvXByIH1AOG3vwjuT3mh4ypHi7r3DQoMa7sIE,607
jmeter8,eyJhbGciOiJIUzI1NiJ9.eyJzdWIiOiI4IiwidXNlcm5hbWUiOiJqbWV0ZXI4IiwiaWF0IjoxNzg2NTQxMzk1LCJleHAiOjE3ODY2Mjc3OTV9.gzmo639zFsmgbT3mhOYtcPJq2hlBEEAllokRO231SSc,608
jmeter9,eyJhbGciOiJIUzI1NiJ9.eyJzdWIiOiI5IiwidXNlcm5hbWUiOiJqbWV0ZXI5IiwiaWF0IjoxNzg2NTQxMzk1LCJleHAiOjE3ODY2Mjc3OTV9.Rl_yS0fbfETCzrQnyU0HP-6fBTb8vm8lOYu7ZfjN8Pw,609
jmeter10,eyJhbGciOiJIUzI1NiJ9.eyJzdWIiOiIxMCIsInVzZXJuYW1lIjoiam1ldGVyMTAiLCJpYXQiOjE3ODY1NDEzOTUsImV4cCI6MTc4NjYyNzc5NX0.z-a6K52L3nGT4zfRBBr8CHUXoPvyNVULwYzHEgEHZJA,610
jmeter11,eyJhbGciOiJIUzI1NiJ9.eyJzdWIiOiIxMSIsInVzZXJuYW1lIjoiam1ldGVyMTEiLCJpYXQiOjE3ODY1NDEzOTUsImV4cCI6MTc4NjYyNzc5NX0.zV4SfRSEWaGve4Qcq9C_tOal1V5UhcnAwFjMScOknTw,611
jmeter12,eyJhbGciOiJIUzI1NiJ9.eyJzdWIiOiIxMiIsInVzZXJuYW1lIjoiam1ldGVyMTIiLCJpYXQiOjE3ODY1NDEzOTYsImV4cCI6MTc4NjYyNzc5Nn0.n52WCbtE_WJwPvzkggQbGXyk2oKM2Qq86JqZcSvtvLU,612
jmeter13,eyJhbGciOiJIUzI1NiJ9.eyJzdWIiOiIxMyIsInVzZXJuYW1lIjoiam1ldGVyMTMiLCJpYXQiOjE3ODY1NDEzOTYsImV4cCI6MTc4NjYyNzc5Nn0.cPWS0oYMuekUmQIOqJfk0fXSklkkSI16I4kxVRu9yP4,613
jmeter14,eyJhbGciOiJIUzI1NiJ9.eyJzdWIiOiIxNCIsInVzZXJuYW1lIjoiam1ldGVyMTQiLCJpYXQiOjE3ODY1NDEzOTYsImV4cCI6MTc4NjYyNzc5Nn0.bhigA2Fbz8ejqHVUfhz4tpQYlsv6d4vgMgE5kVucMdo,614
jmeter15,eyJhbGciOiJIUzI1NiJ9.eyJzdWIiOiIxNSIsInVzZXJuYW1lIjoiam1ldGVyMTUiLCJpYXQiOjE3ODY1NDEzOTYsImV4cCI6MTc4NjYyNzc5Nn0.hXdX5YkTDXK46jK3k86vUcMF8Xrf44BKep4DsLuihMQ,615
jmeter16,eyJhbGciOiJIUzI1NiJ9.eyJzdWIiOiIxNiIsInVzZXJuYW1lIjoiam1ldGVyMTYiLCJpYXQiOjE3ODY1NDEzOTYsImV4cCI6MTc4NjYyNzc5Nn0.k74mbx6_Lpz7tg_yKDgJjjoK77SldLyPVTm7oYHbukA,616
jmeter17,eyJhbGciOiJIUzI1NiJ9.eyJzdWIiOiIxNyIsInVzZXJuYW1lIjoiam1ldGVyMTciLCJpYXQiOjE3ODY1NDEzOTYsImV4cCI6MTc4NjYyNzc5Nn0.7QmIubby18iqOy6NRWU6wZkB1QjElofPCzvoAD-pnp4,617
jmeter18,eyJhbGciOiJIUzI1NiJ9.eyJzdWIiOiIxOCIsInVzZXJuYW1lIjoiam1ldGVyMTgiLCJpYXQiOjE3ODY1NDEzOTcsImV4cCI6MTc4NjYyNzc5N30.gwN5-gRvgfYgEJGGm1sefN13x8Z3-0skTR3gTRZ_BnU,618
jmeter19,eyJhbGciOiJIUzI1NiJ9.eyJzdWIiOiIxOSIsInVzZXJuYW1lIjoiam1ldGVyMTkiLCJpYXQiOjE3ODY1NDEzOTcsImV4cCI6MTc4NjYyNzc5N30.f3M_PxuxBBUIfaT58dntV7WtN8n_v9ae8CUh_h0y4Jg,619
jmeter20,eyJhbGciOiJIUzI1NiJ9.eyJzdWIiOiIyMCIsInVzZXJuYW1lIjoiam1ldGVyMjAiLCJpYXQiOjE3ODY1NDEzOTcsImV4cCI6MTc4NjYyNzc5N30.UmtxoM42x7D1rNd6KFvYZU3M1_OLD_zvb3S24U6LriQ,620
jmeter21,eyJhbGciOiJIUzI1NiJ9.eyJzdWIiOiIyMSIsInVzZXJuYW1lIjoiam1ldGVyMjEiLCJpYXQiOjE3ODY1NDEzOTcsImV4cCI6MTc4NjYyNzc5N30.61E9OyYFYMb3dGI4CREJinZBeAf1mQD44KyvNzXyw98,621
jmeter22,eyJhbGciOiJIUzI1NiJ9.eyJzdWIiOiIyMiIsInVzZXJuYW1lIjoiam1ldGVyMjIiLCJpYXQiOjE3ODY1NDEzOTcsImV4cCI6MTc4NjYyNzc5N30.9x00kZ9UHzm0vJyBXdNveCkj_eDSjhLHKo4VaXwENEM,622
jmeter23,eyJhbGciOiJIUzI1NiJ9.eyJzdWIiOiIyMyIsInVzZXJuYW1lIjoiam1ldGVyMjMiLCJpYXQiOjE3ODY1NDEzOTcsImV4cCI6MTc4NjYyNzc5N30.7vBreXM6YWBtQo6GDty-76in1lFvWjH-h11Zdx80qxQ,623
jmeter24,eyJhbGciOiJIUzI1NiJ9.eyJzdWIiOiIyNCIsInVzZXJuYW1lIjoiam1ldGVyMjQiLCJpYXQiOjE3ODY1NDEzOTcsImV4cCI6MTc4NjYyNzc5N30.AIeAEEO2FgW2ohzWFdt9iIZoHZKDIK3UvSkrVvgIBIA,624
jmeter25,eyJhbGciOiJIUzI1NiJ9.eyJzdWIiOiIyNSIsInVzZXJuYW1lIjoiam1ldGVyMjUiLCJpYXQiOjE3ODY1NDEzOTgsImV4cCI6MTc4NjYyNzc5OH0.TU4FLwXK2b2BqbMk5lUvF-UtaKpq9uOxZ9YRYB47ED0,625
jmeter26,eyJhbGciOiJIUzI1NiJ9.eyJzdWIiOiIyNiIsInVzZXJuYW1lIjoiam1ldGVyMjYiLCJpYXQiOjE3ODY1NDEzOTgsImV4cCI6MTc4NjYyNzc5OH0.gdjIhvzjCtbKNX3S3_bVH9DSSGSC_4oOmz4IcM4_xEk,626
jmeter27,eyJhbGciOiJIUzI1NiJ9.eyJzdWIiOiIyNyIsInVzZXJuYW1lIjoiam1ldGVyMjciLCJpYXQiOjE3ODY1NDEzOTgsImV4cCI6MTc4NjYyNzc5OH0.PVrFCUQBPZzuVb5dfLoyrcChGhwAYtGPzvr2-yfQ5bo,627
jmeter28,eyJhbGciOiJIUzI1NiJ9.eyJzdWIiOiIyOCIsInVzZXJuYW1lIjoiam1ldGVyMjgiLCJpYXQiOjE3ODY1NDEzOTgsImV4cCI6MTc4NjYyNzc5OH0.VY8QTN0Fw6TH3qnQd1E_5L42blnvI61I6yP8zonO5QY,628
jmeter29,eyJhbGciOiJIUzI1NiJ9.eyJzdWIiOiIyOSIsInVzZXJuYW1lIjoiam1ldGVyMjkiLCJpYXQiOjE3ODY1NDEzOTgsImV4cCI6MTc4NjYyNzc5OH0.k40OCxxmwDrrK0lTfnzWUK0lFY4L13RdKoeYN1uko8E,629
jmeter30,eyJhbGciOiJIUzI1NiJ9.eyJzdWIiOiIzMCIsInVzZXJuYW1lIjoiam1ldGVyMzAiLCJpYXQiOjE3ODY1NDEzOTgsImV4cCI6MTc4NjYyNzc5OH0.bcdVM6g43K4fo93XPY5DYiz_MqC9UCGPPTFqwwHf-7I,630
jmeter31,eyJhbGciOiJIUzI1NiJ9.eyJzdWIiOiIzMSIsInVzZXJuYW1lIjoiam1ldGVyMzEiLCJpYXQiOjE3ODY1NDEzOTksImV4cCI6MTc4NjYyNzc5OX0.ygo6yGCa0WDVtOuzf1sjOxonb_YBhORP8Zh9_HvjQvc,631
jmeter32,eyJhbGciOiJIUzI1NiJ9.eyJzdWIiOiIzMiIsInVzZXJuYW1lIjoiam1ldGVyMzIiLCJpYXQiOjE3ODY1NDEzOTksImV4cCI6MTc4NjYyNzc5OX0.agaAwOG74jxHgfuoFATpLYLYi1GW-W3R5FgswhoxAC0,632
jmeter33,eyJhbGciOiJIUzI1NiJ9.eyJzdWIiOiIzMyIsInVzZXJuYW1lIjoiam1ldGVyMzMiLCJpYXQiOjE3ODY1NDEzOTksImV4cCI6MTc4NjYyNzc5OX0.ZeZ9tN4zF3oKI5lgZpNKG0nld2hjNanUo7JVbH8UlCc,633
jmeter34,eyJhbGciOiJIUzI1NiJ9.eyJzdWIiOiIzNCIsInVzZXJuYW1lIjoiam1ldGVyMzQiLCJpYXQiOjE3ODY1NDEzOTksImV4cCI6MTc4NjYyNzc5OX0.fVwMRVVQ1W4IRG8tHmZjl5GDgQZScJqiEWfKK5kx_Ew,634
jmeter35,eyJhbGciOiJIUzI1NiJ9.eyJzdWIiOiIzNSIsInVzZXJuYW1lIjoiam1ldGVyMzUiLCJpYXQiOjE3ODY1NDEzOTksImV4cCI6MTc4NjYyNzc5OX0.2TZaDY6YMm2gAVI-gyukth01D_PDecg9af5tda6YjNY,635
jmeter36,eyJhbGciOiJIUzI1NiJ9.eyJzdWIiOiIzNiIsInVzZXJuYW1lIjoiam1ldGVyMzYiLCJpYXQiOjE3ODY1NDEzOTksImV4cCI6MTc4NjYyNzc5OX0.ZMNP9ns3Oc83KUtNnB7-d-ukkuPhj1B1JkmyCNUiTnU,636
jmeter37,eyJhbGciOiJIUzI1NiJ9.eyJzdWIiOiIzNyIsInVzZXJuYW1lIjoiam1ldGVyMzciLCJpYXQiOjE3ODY1NDE0MDAsImV4cCI6MTc4NjYyNzgwMH0.5mez49mJdDE8R4ykS6JGGVytpgXqHAsmdfNo_UyxU6M,637
jmeter38,eyJhbGciOiJIUzI1NiJ9.eyJzdWIiOiIzOCIsInVzZXJuYW1lIjoiam1ldGVyMzgiLCJpYXQiOjE3ODY1NDE0MDAsImV4cCI6MTc4NjYyNzgwMH0.U8AD365XjZuyNq76JgSkeAFBuEyTtQI3WlyrIwQmkNE,638
jmeter39,eyJhbGciOiJIUzI1NiJ9.eyJzdWIiOiIzOSIsInVzZXJuYW1lIjoiam1ldGVyMzkiLCJpYXQiOjE3ODY1NDE0MDAsImV4cCI6MTc4NjYyNzgwMH0.Oq6nSwnPu3MiYjtC5sz1gfVP9LcI4JaM_oaIPNSqXk8,639
jmeter40,eyJhbGciOiJIUzI1NiJ9.eyJzdWIiOiI0MCIsInVzZXJuYW1lIjoiam1ldGVyNDAiLCJpYXQiOjE3ODY1NDE0MDAsImV4cCI6MTc4NjYyNzgwMH0.GmvXYYymL_onQdWWJVRyLBxPzDh0qexwbqwdNk7gHRw,640
jmeter41,eyJhbGciOiJIUzI1NiJ9.eyJzdWIiOiI0MSIsInVzZXJuYW1lIjoiam1ldGVyNDEiLCJpYXQiOjE3ODY1NDE0MDAsImV4cCI6MTc4NjYyNzgwMH0.htJDtp99ntZkLFQQ0XqUFsL7iZVn16lsOdv_w139moA,641
jmeter42,eyJhbGciOiJIUzI1NiJ9.eyJzdWIiOiI0MiIsInVzZXJuYW1lIjoiam1ldGVyNDIiLCJpYXQiOjE3ODY1NDE0MDAsImV4cCI6MTc4NjYyNzgwMH0.tWq1LTRc-76MpbQvstGeQinRANyKhw7eWABdNPnjR0Q,642
jmeter43,eyJhbGciOiJIUzI1NiJ9.eyJzdWIiOiI0MyIsInVzZXJuYW1lIjoiam1ldGVyNDMiLCJpYXQiOjE3ODY1NDE0MDEsImV4cCI6MTc4NjYyNzgwMX0.YrCYxBjLXCPFFllNFocEnw19d9Ggh6s1Vl2FowO_5kA,643
jmeter44,eyJhbGciOiJIUzI1NiJ9.eyJzdWIiOiI0NCIsInVzZXJuYW1lIjoiam1ldGVyNDQiLCJpYXQiOjE3ODY1NDE0MDEsImV4cCI6MTc4NjYyNzgwMX0.7cdPmNBikC80b8_n3VPt6p2XF1BNnteSMJXWvHyRv4M,644
jmeter45,eyJhbGciOiJIUzI1NiJ9.eyJzdWIiOiI0NSIsInVzZXJuYW1lIjoiam1ldGVyNDUiLCJpYXQiOjE3ODY1NDE0MDEsImV4cCI6MTc4NjYyNzgwMX0.LhJGaK4oyH-MkMZaGUcyp8azdhMhw8OkgQW9S7RsV68,645
jmeter46,eyJhbGciOiJIUzI1NiJ9.eyJzdWIiOiI0NiIsInVzZXJuYW1lIjoiam1ldGVyNDYiLCJpYXQiOjE3ODY1NDE0MDEsImV4cCI6MTc4NjYyNzgwMX0.cTOuFHGbjMBI3XnZoEpWhBfdfT7fCSANjucVAujWsC4,646
jmeter47,eyJhbGciOiJIUzI1NiJ9.eyJzdWIiOiI0NyIsInVzZXJuYW1lIjoiam1ldGVyNDciLCJpYXQiOjE3ODY1NDE0MDEsImV4cCI6MTc4NjYyNzgwMX0.niYjcu1UPQT_e_k6i_sAwdxnEpbt1mP8Rs8ZPpXm3jM,647
jmeter48,eyJhbGciOiJIUzI1NiJ9.eyJzdWIiOiI0OCIsInVzZXJuYW1lIjoiam1ldGVyNDgiLCJpYXQiOjE3ODY1NDE0MDEsImV4cCI6MTc4NjYyNzgwMX0.DGU3Qs_OvyQ3qwsoH3laxT8AcAzdx4w_WUjPOqRI-EU,648
jmeter49,eyJhbGciOiJIUzI1NiJ9.eyJzdWIiOiI0OSIsInVzZXJuYW1lIjoiam1ldGVyNDkiLCJpYXQiOjE3ODY1NDE0MDIsImV4cCI6MTc4NjYyNzgwMn0.8bzKkTskfgf63LYvNzeQwOzPwgNjOXXYZ2myhuYAjQ8,649
jmeter50,eyJhbGciOiJIUzI1NiJ9.eyJzdWIiOiI1MCIsInVzZXJuYW1lIjoiam1ldGVyNTAiLCJpYXQiOjE3ODY1NDE0MDIsImV4cCI6MTc4NjYyNzgwMn0.mmANIckuT2jh1fwzJtk8gGhqR0Qma5ovyaQ277DAHzg,650
jmeter51,eyJhbGciOiJIUzI1NiJ9.eyJzdWIiOiI1MSIsInVzZXJuYW1lIjoiam1ldGVyNTEiLCJpYXQiOjE3ODY1NDE0MDIsImV4cCI6MTc4NjYyNzgwMn0.Xw_sGtE9RamnuDeglhoxX97q-PfUHwOBHwyR4eRPq80,651
jmeter52,eyJhbGciOiJIUzI1NiJ9.eyJzdWIiOiI1MiIsInVzZXJuYW1lIjoiam1ldGVyNTIiLCJpYXQiOjE3ODY1NDE0MDIsImV4cCI6MTc4NjYyNzgwMn0.MnAi2euk4B0VshpkG6e9pQpMHEqdUJPqTMsqpAhFets,652
jmeter53,eyJhbGciOiJIUzI1NiJ9.eyJzdWIiOiI1MyIsInVzZXJuYW1lIjoiam1ldGVyNTMiLCJpYXQiOjE3ODY1NDE0MDIsImV4cCI6MTc4NjYyNzgwMn0.e4Ux94qJ8CR3PIrfvAyjoY5N0YEoavwCDQx5pD8n3tw,653
jmeter54,eyJhbGciOiJIUzI1NiJ9.eyJzdWIiOiI1NCIsInVzZXJuYW1lIjoiam1ldGVyNTQiLCJpYXQiOjE3ODY1NDE0MDIsImV4cCI6MTc4NjYyNzgwMn0.jLwIUkDbM3lactzD7HkZgfAXo729QtsziNPn7fa8YH4,654
jmeter55,eyJhbGciOiJIUzI1NiJ9.eyJzdWIiOiI1NSIsInVzZXJuYW1lIjoiam1ldGVyNTUiLCJpYXQiOjE3ODY1NDE0MDMsImV4cCI6MTc4NjYyNzgwM30.sluUkjHK8O0ilz8Wos3XejZfe9yvkqg0vph0xsziOWA,655
jmeter56,eyJhbGciOiJIUzI1NiJ9.eyJzdWIiOiI1NiIsInVzZXJuYW1lIjoiam1ldGVyNTYiLCJpYXQiOjE3ODY1NDE0MDMsImV4cCI6MTc4NjYyNzgwM30.8hfd7jIz_OKcxxHjzm41bpk_BRE1baZJg8RTzlV4_nE,656
jmeter57,eyJhbGciOiJIUzI1NiJ9.eyJzdWIiOiI1NyIsInVzZXJuYW1lIjoiam1ldGVyNTciLCJpYXQiOjE3ODY1NDE0MDMsImV4cCI6MTc4NjYyNzgwM30.zsyXCCcJ1OIo86UK4-FI5RtNDCLCDXhVtGsetQ5gfVc,657
jmeter58,eyJhbGciOiJIUzI1NiJ9.eyJzdWIiOiI1OCIsInVzZXJuYW1lIjoiam1ldGVyNTgiLCJpYXQiOjE3ODY1NDE0MDMsImV4cCI6MTc4NjYyNzgwM30.P9arkGMtDe53txW84WUVEB5CBykf16wRRK87aoZSakg,658
jmeter59,eyJhbGciOiJIUzI1NiJ9.eyJzdWIiOiI1OSIsInVzZXJuYW1lIjoiam1ldGVyNTkiLCJpYXQiOjE3ODY1NDE0MDMsImV4cCI6MTc4NjYyNzgwM30.lwi9viGin3v5PRi8YMTpt7G7Y--E4kfqq0kRmnWKjiI,659
jmeter60,eyJhbGciOiJIUzI1NiJ9.eyJzdWIiOiI2MCIsInVzZXJuYW1lIjoiam1ldGVyNjAiLCJpYXQiOjE3ODY1NDE0MDMsImV4cCI6MTc4NjYyNzgwM30.nIwWN3W9KNffIZ-X08dMlTNMgsRm6Mw_0qMWH_S11HM,660
jmeter61,eyJhbGciOiJIUzI1NiJ9.eyJzdWIiOiI2MSIsInVzZXJuYW1lIjoiam1ldGVyNjEiLCJpYXQiOjE3ODY1NDE0MDQsImV4cCI6MTc4NjYyNzgwNH0.I-y1197_3SLsvooxo3S81_nSsTaL0fOs7fd--_pdfKo,661
jmeter62,eyJhbGciOiJIUzI1NiJ9.eyJzdWIiOiI2MiIsInVzZXJuYW1lIjoiam1ldGVyNjIiLCJpYXQiOjE3ODY1NDE0MDQsImV4cCI6MTc4NjYyNzgwNH0.-FnPcT76roj4uHrUS921krlZp18auiahqEbhugSHMkk,662
jmeter63,eyJhbGciOiJIUzI1NiJ9.eyJzdWIiOiI2MyIsInVzZXJuYW1lIjoiam1ldGVyNjMiLCJpYXQiOjE3ODY1NDE0MDQsImV4cCI6MTc4NjYyNzgwNH0.-dE-Ot8sdxSeJHZ7e4jWdTggD_2VY1226XUATVXt1zE,663
jmeter64,eyJhbGciOiJIUzI1NiJ9.eyJzdWIiOiI2NCIsInVzZXJuYW1lIjoiam1ldGVyNjQiLCJpYXQiOjE3ODY1NDE0MDQsImV4cCI6MTc4NjYyNzgwNH0.V593B461O3XvwqJzK7ZEmGolV-UsdQjAUWib1smaIjw,664
jmeter65,eyJhbGciOiJIUzI1NiJ9.eyJzdWIiOiI2NSIsInVzZXJuYW1lIjoiam1ldGVyNjUiLCJpYXQiOjE3ODY1NDE0MDQsImV4cCI6MTc4NjYyNzgwNH0.ZqVEWwL2MR72FVRMLHyj0Qy5jZHjopQaOCpODWpZ3OM,665
jmeter66,eyJhbGciOiJIUzI1NiJ9.eyJzdWIiOiI2NiIsInVzZXJuYW1lIjoiam1ldGVyNjYiLCJpYXQiOjE3ODY1NDE0MDQsImV4cCI6MTc4NjYyNzgwNH0.SXLE_n53UZzTllK2RRbGiYb4YAg85kEw7moSASqTvyA,666
jmeter67,eyJhbGciOiJIUzI1NiJ9.eyJzdWIiOiI2NyIsInVzZXJuYW1lIjoiam1ldGVyNjciLCJpYXQiOjE3ODY1NDE0MDUsImV4cCI6MTc4NjYyNzgwNX0.2BRfyhCbOXu-IPZfEFHQYsk18UdzDSYKaJZk-bpV2PQ,667
jmeter68,eyJhbGciOiJIUzI1NiJ9.eyJzdWIiOiI2OCIsInVzZXJuYW1lIjoiam1ldGVyNjgiLCJpYXQiOjE3ODY1NDE0MDUsImV4cCI6MTc4NjYyNzgwNX0.AbcWuuGfP-oucd-6IGvGhP1N1JtFTFRu8RE-sakZZy4,668
jmeter69,eyJhbGciOiJIUzI1NiJ9.eyJzdWIiOiI2OSIsInVzZXJuYW1lIjoiam1ldGVyNjkiLCJpYXQiOjE3ODY1NDE0MDUsImV4cCI6MTc4NjYyNzgwNX0.OmS923Whtfz2zESuKMaVKNpTHY67Q5I9W4xa5uryBvk,669
jmeter70,eyJhbGciOiJIUzI1NiJ9.eyJzdWIiOiI3MCIsInVzZXJuYW1lIjoiam1ldGVyNzAiLCJpYXQiOjE3ODY1NDE0MDUsImV4cCI6MTc4NjYyNzgwNX0.hWL9aTfeMVDR-jaDEtq3bpQAEbT9v-sWmWiQNo5Updg,670
jmeter71,eyJhbGciOiJIUzI1NiJ9.eyJzdWIiOiI3MSIsInVzZXJuYW1lIjoiam1ldGVyNzEiLCJpYXQiOjE3ODY1NDE0MDUsImV4cCI6MTc4NjYyNzgwNX0.5myffUt9CNfJp6YxNS8XaDQOTsbzngFAsIsdjEj6JyY,671
jmeter72,eyJhbGciOiJIUzI1NiJ9.eyJzdWIiOiI3MiIsInVzZXJuYW1lIjoiam1ldGVyNzIiLCJpYXQiOjE3ODY1NDE0MDUsImV4cCI6MTc4NjYyNzgwNX0.W2K6BpnEZgBJYYOR32vJQ9xMYkqoip_CdYWP0h45bAM,672
jmeter73,eyJhbGciOiJIUzI1NiJ9.eyJzdWIiOiI3MyIsInVzZXJuYW1lIjoiam1ldGVyNzMiLCJpYXQiOjE3ODY1NDE0MDUsImV4cCI6MTc4NjYyNzgwNX0.m3woS7-HOXN1fr3BWOxLxc5yN2Ie0ztNRnnsbCrd4Zc,673
jmeter74,eyJhbGciOiJIUzI1NiJ9.eyJzdWIiOiI3NCIsInVzZXJuYW1lIjoiam1ldGVyNzQiLCJpYXQiOjE3ODY1NDE0MDYsImV4cCI6MTc4NjYyNzgwNn0.OFGEBtrNmcD0MAmY5FIC4SYPHljahFeegOK2s2E-Jmk,674
jmeter75,eyJhbGciOiJIUzI1NiJ9.eyJzdWIiOiI3NSIsInVzZXJuYW1lIjoiam1ldGVyNzUiLCJpYXQiOjE3ODY1NDE0MDYsImV4cCI6MTc4NjYyNzgwNn0.lNdSEdEakcc3kuqme09CSjYWEjXPTLThkn87V5WjoI4,675
jmeter76,eyJhbGciOiJIUzI1NiJ9.eyJzdWIiOiI3NiIsInVzZXJuYW1lIjoiam1ldGVyNzYiLCJpYXQiOjE3ODY1NDE0MDYsImV4cCI6MTc4NjYyNzgwNn0.jwiuN87_-mIQHPyOxfiSUJd_s8DjzQ68Nt561IMUGoY,676
jmeter77,eyJhbGciOiJIUzI1NiJ9.eyJzdWIiOiI3NyIsInVzZXJuYW1lIjoiam1ldGVyNzciLCJpYXQiOjE3ODY1NDE0MDYsImV4cCI6MTc4NjYyNzgwNn0.dAPeguipU2iqD8hr1jJYKf1W-iZLzqM0l7_df4MMaSs,677
jmeter78,eyJhbGciOiJIUzI1NiJ9.eyJzdWIiOiI3OCIsInVzZXJuYW1lIjoiam1ldGVyNzgiLCJpYXQiOjE3ODY1NDE0MDYsImV4cCI6MTc4NjYyNzgwNn0.xSwqNVYU0PsFo1gt7nHbLBTnatafiwKN1GeY1XhAZF4,678
jmeter79,eyJhbGciOiJIUzI1NiJ9.eyJzdWIiOiI3OSIsInVzZXJuYW1lIjoiam1ldGVyNzkiLCJpYXQiOjE3ODY1NDE0MDYsImV4cCI6MTc4NjYyNzgwNn0.M141aPDl7dKidB09EQy4MYLCnxGAicbMwvD-pFFi3W8,679
jmeter80,eyJhbGciOiJIUzI1NiJ9.eyJzdWIiOiI4MCIsInVzZXJuYW1lIjoiam1ldGVyODAiLCJpYXQiOjE3ODY1NDE0MDcsImV4cCI6MTc4NjYyNzgwN30.lfu92BuRVb6iG8y_xq89ZD3bi8zay2jTjNpBvy_EXwc,680
jmeter81,eyJhbGciOiJIUzI1NiJ9.eyJzdWIiOiI4MSIsInVzZXJuYW1lIjoiam1ldGVyODEiLCJpYXQiOjE3ODY1NDE0MDcsImV4cCI6MTc4NjYyNzgwN30.954_BmhJ8Q3zPK-m2DAQIaz6KClxECAxUb4QpMMEuck,681
jmeter82,eyJhbGciOiJIUzI1NiJ9.eyJzdWIiOiI4MiIsInVzZXJuYW1lIjoiam1ldGVyODIiLCJpYXQiOjE3ODY1NDE0MDcsImV4cCI6MTc4NjYyNzgwN30.Asc_zVpKY7z2coOezNh4-MuuHKxQwUZ0eOZQ7NYKDe8,682
jmeter83,eyJhbGciOiJIUzI1NiJ9.eyJzdWIiOiI4MyIsInVzZXJuYW1lIjoiam1ldGVyODMiLCJpYXQiOjE3ODY1NDE0MDcsImV4cCI6MTc4NjYyNzgwN30.JCE4gbp0jsLm155_sBAeOUIqepRhR1T5PZgMg-n-qEA,683
jmeter84,eyJhbGciOiJIUzI1NiJ9.eyJzdWIiOiI4NCIsInVzZXJuYW1lIjoiam1ldGVyODQiLCJpYXQiOjE3ODY1NDE0MDcsImV4cCI6MTc4NjYyNzgwN30.uY9MiGFIICfw2cizRrWS93pmxiBbH3jvd2HD-UAcqaM,684
jmeter85,eyJhbGciOiJIUzI1NiJ9.eyJzdWIiOiI4NSIsInVzZXJuYW1lIjoiam1ldGVyODUiLCJpYXQiOjE3ODY1NDE0MDcsImV4cCI6MTc4NjYyNzgwN30.NgIPdQrKgUOLZzkL2hcdVnPtohnuiDVlHybWH71M_8Q,685
jmeter86,eyJhbGciOiJIUzI1NiJ9.eyJzdWIiOiI4NiIsInVzZXJuYW1lIjoiam1ldGVyODYiLCJpYXQiOjE3ODY1NDE0MDgsImV4cCI6MTc4NjYyNzgwOH0.rJ90phHsVLfrLThgfjtW-iqM2p0fXu3ddEbQV7KR-18,686
jmeter87,eyJhbGciOiJIUzI1NiJ9.eyJzdWIiOiI4NyIsInVzZXJuYW1lIjoiam1ldGVyODciLCJpYXQiOjE3ODY1NDE0MDgsImV4cCI6MTc4NjYyNzgwOH0.tdmzK3on-OL6XbjCR5JYWgqBaaYj3FnfXsIg1w9Lj9o,687
jmeter88,eyJhbGciOiJIUzI1NiJ9.eyJzdWIiOiI4OCIsInVzZXJuYW1lIjoiam1ldGVyODgiLCJpYXQiOjE3ODY1NDE0MDgsImV4cCI6MTc4NjYyNzgwOH0.eYp4ZTkf8HoDVxTuRVxdL2Dt58hjYi06fl7LJMMeRgY,688
jmeter89,eyJhbGciOiJIUzI1NiJ9.eyJzdWIiOiI4OSIsInVzZXJuYW1lIjoiam1ldGVyODkiLCJpYXQiOjE3ODY1NDE0MDgsImV4cCI6MTc4NjYyNzgwOH0.OG-M7v22mmwvpW1fX9XVlmisbyXENZwdeGSWvpkcLSw,689
jmeter90,eyJhbGciOiJIUzI1NiJ9.eyJzdWIiOiI5MCIsInVzZXJuYW1lIjoiam1ldGVyOTAiLCJpYXQiOjE3ODY1NDE0MDgsImV4cCI6MTc4NjYyNzgwOH0.fxNV38AxJz_yZsdrwVTfj2PvBhpX8LQ-BoEH_y9Qpmw,690
jmeter91,eyJhbGciOiJIUzI1NiJ9.eyJzdWIiOiI5MSIsInVzZXJuYW1lIjoiam1ldGVyOTEiLCJpYXQiOjE3ODY1NDE0MDgsImV4cCI6MTc4NjYyNzgwOH0.fZyzDiY8XbL4P5dgkMOXMVCd_FxS0Rlc8cm-wg6KhqA,691
jmeter92,eyJhbGciOiJIUzI1NiJ9.eyJzdWIiOiI5MiIsInVzZXJuYW1lIjoiam1ldGVyOTIiLCJpYXQiOjE3ODY1NDE0MDksImV4cCI6MTc4NjYyNzgwOX0.etLFg4jBNMW6orzVBJtrUX5ku9mW5p0nTrJrD8lzNOg,692
jmeter93,eyJhbGciOiJIUzI1NiJ9.eyJzdWIiOiI5MyIsInVzZXJuYW1lIjoiam1ldGVyOTMiLCJpYXQiOjE3ODY1NDE0MDksImV4cCI6MTc4NjYyNzgwOX0.hMcMyddX6jsruGtAQCtGySiVf3g9spMVxJPZ5arijrM,693
jmeter94,eyJhbGciOiJIUzI1NiJ9.eyJzdWIiOiI5NCIsInVzZXJuYW1lIjoiam1ldGVyOTQiLCJpYXQiOjE3ODY1NDE0MDksImV4cCI6MTc4NjYyNzgwOX0.NqABTckQQCN0T2EBcE9hB9AlVzqA5-ax4y4N_iZvfBQ,694
jmeter95,eyJhbGciOiJIUzI1NiJ9.eyJzdWIiOiI5NSIsInVzZXJuYW1lIjoiam1ldGVyOTUiLCJpYXQiOjE3ODY1NDE0MDksImV4cCI6MTc4NjYyNzgwOX0.UiSc_C8y5hOzpXN4bTNUHXPEEC4H9aZM-juc2WUHfUU,695
jmeter96,eyJhbGciOiJIUzI1NiJ9.eyJzdWIiOiI5NiIsInVzZXJuYW1lIjoiam1ldGVyOTYiLCJpYXQiOjE3ODY1NDE0MDksImV4cCI6MTc4NjYyNzgwOX0.kajXPXUxJeAEiYS0MSekWrvF6b6CU1x9x8NoP87_kIM,696
jmeter97,eyJhbGciOiJIUzI1NiJ9.eyJzdWIiOiI5NyIsInVzZXJuYW1lIjoiam1ldGVyOTciLCJpYXQiOjE3ODY1NDE0MDksImV4cCI6MTc4NjYyNzgwOX0.pshONP2kj9YqMnTFuy3L6yurJA2GbMuUor6FY7n49jI,697
jmeter98,eyJhbGciOiJIUzI1NiJ9.eyJzdWIiOiI5OCIsInVzZXJuYW1lIjoiam1ldGVyOTgiLCJpYXQiOjE3ODY1NDE0MTAsImV4cCI6MTc4NjYyNzgxMH0.g160WLNFOdRbe5PHwUP7pciPfh26UCnT-9u1PSgnUeY,698
jmeter99,eyJhbGciOiJIUzI1NiJ9.eyJzdWIiOiI5OSIsInVzZXJuYW1lIjoiam1ldGVyOTkiLCJpYXQiOjE3ODY1NDE0MTAsImV4cCI6MTc4NjYyNzgxMH0.NgbYhf5F9pytX5A8vYMS0ETnU_DN4v1cY7CTt7NPdQw,699
jmeter100,eyJhbGciOiJIUzI1NiJ9.eyJzdWIiOiIxMDAiLCJ1c2VybmFtZSI6ImptZXRlcjEwMCIsImlhdCI6MTc4NjU0MTQxMCwiZXhwIjoxNzg2NjI3ODEwfQ.SrAXF1RjAwY869DqJCv4wPLQ_OAKDWIFlM97PSTHqdE,700
jmeter101,eyJhbGciOiJIUzI1NiJ9.eyJzdWIiOiIxMDEiLCJ1c2VybmFtZSI6ImptZXRlcjEwMSIsImlhdCI6MTc4NjU0MTQxMCwiZXhwIjoxNzg2NjI3ODEwfQ.gpxHX8K7pDUV4LfuG4zaja2IERKZ956AypY2wzQIDlc,701
jmeter102,eyJhbGciOiJIUzI1NiJ9.eyJzdWIiOiIxMDIiLCJ1c2VybmFtZSI6ImptZXRlcjEwMiIsImlhdCI6MTc4NjU0MTQxMCwiZXhwIjoxNzg2NjI3ODEwfQ.6HeDrMgihmOwoXXayWJKQ5I-DqKKaHVB_dworuLDT2Y,702
jmeter103,eyJhbGciOiJIUzI1NiJ9.eyJzdWIiOiIxMDMiLCJ1c2VybmFtZSI6ImptZXRlcjEwMyIsImlhdCI6MTc4NjU0MTQxMCwiZXhwIjoxNzg2NjI3ODEwfQ.KHElfC7I3S6wZXRGZq-jeSK4GDC8qak9gdWOKl45xoA,703
jmeter104,eyJhbGciOiJIUzI1NiJ9.eyJzdWIiOiIxMDQiLCJ1c2VybmFtZSI6ImptZXRlcjEwNCIsImlhdCI6MTc4NjU0MTQxMSwiZXhwIjoxNzg2NjI3ODExfQ.pWDSHe-9jpSgXPys0L4KkrcuIOoao5Vm9NBVsltL-5I,704
jmeter105,eyJhbGciOiJIUzI1NiJ9.eyJzdWIiOiIxMDUiLCJ1c2VybmFtZSI6ImptZXRlcjEwNSIsImlhdCI6MTc4NjU0MTQxMSwiZXhwIjoxNzg2NjI3ODExfQ.abGEgCsl66yo2KGeV7TIHYkQk4UY1DsB0pst9rXTZHY,705
jmeter106,eyJhbGciOiJIUzI1NiJ9.eyJzdWIiOiIxMDYiLCJ1c2VybmFtZSI6ImptZXRlcjEwNiIsImlhdCI6MTc4NjU0MTQxMSwiZXhwIjoxNzg2NjI3ODExfQ.wbsq6o5TDpUxryMb8mHktkwT-2ERkjT4g48qIMiyBHk,706
jmeter107,eyJhbGciOiJIUzI1NiJ9.eyJzdWIiOiIxMDciLCJ1c2VybmFtZSI6ImptZXRlcjEwNyIsImlhdCI6MTc4NjU0MTQxMSwiZXhwIjoxNzg2NjI3ODExfQ.ckwK2LrixebU3wOsE8lgCmU59yUJ6OsR4Mo9Hycst9c,707
jmeter108,eyJhbGciOiJIUzI1NiJ9.eyJzdWIiOiIxMDgiLCJ1c2VybmFtZSI6ImptZXRlcjEwOCIsImlhdCI6MTc4NjU0MTQxMSwiZXhwIjoxNzg2NjI3ODExfQ.Jxab4C0lTdve8e0_aowda_pw50aOgxBGoOshLjjRLxY,708
jmeter109,eyJhbGciOiJIUzI1NiJ9.eyJzdWIiOiIxMDkiLCJ1c2VybmFtZSI6ImptZXRlcjEwOSIsImlhdCI6MTc4NjU0MTQxMSwiZXhwIjoxNzg2NjI3ODExfQ.X7VshjfeHKMGAIn-Yo_aIBzK8FcVx-yEPlJZDxgI2Y8,709
jmeter110,eyJhbGciOiJIUzI1NiJ9.eyJzdWIiOiIxMTAiLCJ1c2VybmFtZSI6ImptZXRlcjExMCIsImlhdCI6MTc4NjU0MTQxMiwiZXhwIjoxNzg2NjI3ODEyfQ.L_15-3JKC80d-vOexNPnmA92ibSn_mrHLQcfIDmvSys,710
jmeter111,eyJhbGciOiJIUzI1NiJ9.eyJzdWIiOiIxMTEiLCJ1c2VybmFtZSI6ImptZXRlcjExMSIsImlhdCI6MTc4NjU0MTQxMiwiZXhwIjoxNzg2NjI3ODEyfQ.lmQh3cf8Zix5A_0Gxx6G_FCF7diQ-jG_MfSeV1N3e1g,711
jmeter112,eyJhbGciOiJIUzI1NiJ9.eyJzdWIiOiIxMTIiLCJ1c2VybmFtZSI6ImptZXRlcjExMiIsImlhdCI6MTc4NjU0MTQxMiwiZXhwIjoxNzg2NjI3ODEyfQ.w4yV90DHTDDk3yaZMvbpwWNJrIbj0k9cVNoA-wAP2jU,712
jmeter113,eyJhbGciOiJIUzI1NiJ9.eyJzdWIiOiIxMTMiLCJ1c2VybmFtZSI6ImptZXRlcjExMyIsImlhdCI6MTc4NjU0MTQxMiwiZXhwIjoxNzg2NjI3ODEyfQ.y4tkq-9NuQOAOo50lVvl6YWGalyqYuk3nViA8JhZ3Fs,713
jmeter114,eyJhbGciOiJIUzI1NiJ9.eyJzdWIiOiIxMTQiLCJ1c2VybmFtZSI6ImptZXRlcjExNCIsImlhdCI6MTc4NjU0MTQxMiwiZXhwIjoxNzg2NjI3ODEyfQ.m7RTWkv_Bbk3jpmG0k0cfpJHgZgolnXIjxIMsx2bM5s,714
jmeter115,eyJhbGciOiJIUzI1NiJ9.eyJzdWIiOiIxMTUiLCJ1c2VybmFtZSI6ImptZXRlcjExNSIsImlhdCI6MTc4NjU0MTQxMiwiZXhwIjoxNzg2NjI3ODEyfQ.i0QLLO8MQOY_QcHi9HOF1KBIZLAYUdHEU25PQdv5Kc0,715
jmeter116,eyJhbGciOiJIUzI1NiJ9.eyJzdWIiOiIxMTYiLCJ1c2VybmFtZSI6ImptZXRlcjExNiIsImlhdCI6MTc4NjU0MTQxMiwiZXhwIjoxNzg2NjI3ODEyfQ._FYq6a0x1ZTcpnbTIDySZ2t_fsnX7zg1nw2qc8Gl8xo,716
jmeter117,eyJhbGciOiJIUzI1NiJ9.eyJzdWIiOiIxMTciLCJ1c2VybmFtZSI6ImptZXRlcjExNyIsImlhdCI6MTc4NjU0MTQxMywiZXhwIjoxNzg2NjI3ODEzfQ.jNvxH1ksa5DafIraNa4nbWPEQXdITPs8kjRAmV9eMQc,717
jmeter118,eyJhbGciOiJIUzI1NiJ9.eyJzdWIiOiIxMTgiLCJ1c2VybmFtZSI6ImptZXRlcjExOCIsImlhdCI6MTc4NjU0MTQxMywiZXhwIjoxNzg2NjI3ODEzfQ.PP7cNfi41YHhAqxwJ7jW7IpxbS0SDbHhnQZHcvvVITs,718
jmeter119,eyJhbGciOiJIUzI1NiJ9.eyJzdWIiOiIxMTkiLCJ1c2VybmFtZSI6ImptZXRlcjExOSIsImlhdCI6MTc4NjU0MTQxMywiZXhwIjoxNzg2NjI3ODEzfQ.2cqkp3C_YIq9gZy8sRMTOyfwAi-fAHAcW4NmbtpfmHg,719
jmeter120,eyJhbGciOiJIUzI1NiJ9.eyJzdWIiOiIxMjAiLCJ1c2VybmFtZSI6ImptZXRlcjEyMCIsImlhdCI6MTc4NjU0MTQxMywiZXhwIjoxNzg2NjI3ODEzfQ.T9Lf5nUsWMOX7FmrNEwYsb7xjZMfNPqgptMiFxIjj2M,720
jmeter121,eyJhbGciOiJIUzI1NiJ9.eyJzdWIiOiIxMjEiLCJ1c2VybmFtZSI6ImptZXRlcjEyMSIsImlhdCI6MTc4NjU0MTQxMywiZXhwIjoxNzg2NjI3ODEzfQ.YIvjC7EaK2iOW3BkWfaowrKryp06iGx9YGrnQRsuSzo,721
jmeter122,eyJhbGciOiJIUzI1NiJ9.eyJzdWIiOiIxMjIiLCJ1c2VybmFtZSI6ImptZXRlcjEyMiIsImlhdCI6MTc4NjU0MTQxMywiZXhwIjoxNzg2NjI3ODEzfQ.4o892pDdFb-XgvBc3jm5z93eX30QiXfriidUx8wh3VM,722
jmeter123,eyJhbGciOiJIUzI1NiJ9.eyJzdWIiOiIxMjMiLCJ1c2VybmFtZSI6ImptZXRlcjEyMyIsImlhdCI6MTc4NjU0MTQxNCwiZXhwIjoxNzg2NjI3ODE0fQ.f5KqjCmePm6yPfCakEucDsZL8dcPWPy5tu2X4HAroG4,723
jmeter124,eyJhbGciOiJIUzI1NiJ9.eyJzdWIiOiIxMjQiLCJ1c2VybmFtZSI6ImptZXRlcjEyNCIsImlhdCI6MTc4NjU0MTQxNCwiZXhwIjoxNzg2NjI3ODE0fQ.9-SUoaxQUDsQj6FYNmwOjCQXASDE2gFHI9aLhOQNDTs,724
jmeter125,eyJhbGciOiJIUzI1NiJ9.eyJzdWIiOiIxMjUiLCJ1c2VybmFtZSI6ImptZXRlcjEyNSIsImlhdCI6MTc4NjU0MTQxNCwiZXhwIjoxNzg2NjI3ODE0fQ.QhnYwMJZu7x9ZAdWUpvrjXedw0XNqPqlqzsJGL0EzCg,725
jmeter126,eyJhbGciOiJIUzI1NiJ9.eyJzdWIiOiIxMjYiLCJ1c2VybmFtZSI6ImptZXRlcjEyNiIsImlhdCI6MTc4NjU0MTQxNCwiZXhwIjoxNzg2NjI3ODE0fQ.iXfUg-9HxwXJ1bd1o_i4U0s-1to880WG3f8xMADtpPA,726
jmeter127,eyJhbGciOiJIUzI1NiJ9.eyJzdWIiOiIxMjciLCJ1c2VybmFtZSI6ImptZXRlcjEyNyIsImlhdCI6MTc4NjU0MTQxNCwiZXhwIjoxNzg2NjI3ODE0fQ.lw8Kwst5ILrpKZ7WNagF_S10LWSqGhVTQ0U-RroOaeQ,727
jmeter128,eyJhbGciOiJIUzI1NiJ9.eyJzdWIiOiIxMjgiLCJ1c2VybmFtZSI6ImptZXRlcjEyOCIsImlhdCI6MTc4NjU0MTQxNCwiZXhwIjoxNzg2NjI3ODE0fQ.bCQZ_tWxI1Kx9DbGNQ-dFui5MZUUxXjAqgPc9_pRPvI,728
jmeter129,eyJhbGciOiJIUzI1NiJ9.eyJzdWIiOiIxMjkiLCJ1c2VybmFtZSI6ImptZXRlcjEyOSIsImlhdCI6MTc4NjU0MTQxNSwiZXhwIjoxNzg2NjI3ODE1fQ.VVqXMGsW3E0qHYB7TyUrZnPs5T4f3VNb7h39MzN5M-c,729
jmeter130,eyJhbGciOiJIUzI1NiJ9.eyJzdWIiOiIxMzAiLCJ1c2VybmFtZSI6ImptZXRlcjEzMCIsImlhdCI6MTc4NjU0MTQxNSwiZXhwIjoxNzg2NjI3ODE1fQ.gULESw6Pjek0HFwx84nQnKZYb3vmV4aRfgHCFzJoRUE,730
jmeter131,eyJhbGciOiJIUzI1NiJ9.eyJzdWIiOiIxMzEiLCJ1c2VybmFtZSI6ImptZXRlcjEzMSIsImlhdCI6MTc4NjU0MTQxNSwiZXhwIjoxNzg2NjI3ODE1fQ.KzVP9Zs8cZTQ3gf1anNVg_UGixF_ql3rRrAGpxottm8,731
jmeter132,eyJhbGciOiJIUzI1NiJ9.eyJzdWIiOiIxMzIiLCJ1c2VybmFtZSI6ImptZXRlcjEzMiIsImlhdCI6MTc4NjU0MTQxNSwiZXhwIjoxNzg2NjI3ODE1fQ.j1dJWoLvme-A2l8GS3RWwsDKrcIe_LenVyalGl42urc,732
jmeter133,eyJhbGciOiJIUzI1NiJ9.eyJzdWIiOiIxMzMiLCJ1c2VybmFtZSI6ImptZXRlcjEzMyIsImlhdCI6MTc4NjU0MTQxNSwiZXhwIjoxNzg2NjI3ODE1fQ.mt2pRJyvtnTOkZqJSp0jnZHWYsNIYdDaH540L1ogvcg,733
jmeter134,eyJhbGciOiJIUzI1NiJ9.eyJzdWIiOiIxMzQiLCJ1c2VybmFtZSI6ImptZXRlcjEzNCIsImlhdCI6MTc4NjU0MTQxNSwiZXhwIjoxNzg2NjI3ODE1fQ.qvTrbDFMIQpEvcdgscOEDB3kd-5ZxXiptc9pu1Nwn7A,734
jmeter135,eyJhbGciOiJIUzI1NiJ9.eyJzdWIiOiIxMzUiLCJ1c2VybmFtZSI6ImptZXRlcjEzNSIsImlhdCI6MTc4NjU0MTQxNiwiZXhwIjoxNzg2NjI3ODE2fQ.iIPZViHRGGwLhgqVc-q042oQCWhqKxWfR2p3Bp8hnuY,735
jmeter136,eyJhbGciOiJIUzI1NiJ9.eyJzdWIiOiIxMzYiLCJ1c2VybmFtZSI6ImptZXRlcjEzNiIsImlhdCI6MTc4NjU0MTQxNiwiZXhwIjoxNzg2NjI3ODE2fQ.CeZLwNII9djXKVUB5lp1KB0RrKSN69V2I1kISO37OZ8,736
jmeter137,eyJhbGciOiJIUzI1NiJ9.eyJzdWIiOiIxMzciLCJ1c2VybmFtZSI6ImptZXRlcjEzNyIsImlhdCI6MTc4NjU0MTQxNiwiZXhwIjoxNzg2NjI3ODE2fQ.3AEevy9XSCyqeIhLYMvcvisQFhzjPZVUuLFNyHmYB5U,737
jmeter138,eyJhbGciOiJIUzI1NiJ9.eyJzdWIiOiIxMzgiLCJ1c2VybmFtZSI6ImptZXRlcjEzOCIsImlhdCI6MTc4NjU0MTQxNiwiZXhwIjoxNzg2NjI3ODE2fQ.zS6EUh77bqz96rqaxUcymNCs66bVNGlHC7PQKqimWpw,738
jmeter139,eyJhbGciOiJIUzI1NiJ9.eyJzdWIiOiIxMzkiLCJ1c2VybmFtZSI6ImptZXRlcjEzOSIsImlhdCI6MTc4NjU0MTQxNiwiZXhwIjoxNzg2NjI3ODE2fQ._DdunWoh70fJmV_LZ_bLhdHrTH6y38WcEwHo8oq5GVw,739
jmeter140,eyJhbGciOiJIUzI1NiJ9.eyJzdWIiOiIxNDAiLCJ1c2VybmFtZSI6ImptZXRlcjE0MCIsImlhdCI6MTc4NjU0MTQxNiwiZXhwIjoxNzg2NjI3ODE2fQ.Xbyhlk02g0GBkYk1A4JMBZ4jZeVNMNHjdxLcg3IpJ9I,740
jmeter141,eyJhbGciOiJIUzI1NiJ9.eyJzdWIiOiIxNDEiLCJ1c2VybmFtZSI6ImptZXRlcjE0MSIsImlhdCI6MTc4NjU0MTQxNywiZXhwIjoxNzg2NjI3ODE3fQ.JE0QQIdeDyCH0T0RBaQxcqokSQ1WpIs906vhQyhU0eU,741
jmeter142,eyJhbGciOiJIUzI1NiJ9.eyJzdWIiOiIxNDIiLCJ1c2VybmFtZSI6ImptZXRlcjE0MiIsImlhdCI6MTc4NjU0MTQxNywiZXhwIjoxNzg2NjI3ODE3fQ.Rqcw0OOIUn_so7q02KNNfBIJowWcpdus2f_nmkvL964,742
jmeter143,eyJhbGciOiJIUzI1NiJ9.eyJzdWIiOiIxNDMiLCJ1c2VybmFtZSI6ImptZXRlcjE0MyIsImlhdCI6MTc4NjU0MTQxNywiZXhwIjoxNzg2NjI3ODE3fQ.CUpuKAhaV3msXcwrGfwL2ELveMWbjPH0tppgIwvC24U,743
jmeter144,eyJhbGciOiJIUzI1NiJ9.eyJzdWIiOiIxNDQiLCJ1c2VybmFtZSI6ImptZXRlcjE0NCIsImlhdCI6MTc4NjU0MTQxNywiZXhwIjoxNzg2NjI3ODE3fQ.OQZ5XOrw_7A5fTocTLVn5vBL4qg5NEH8QOEq-Gz9b74,744
jmeter145,eyJhbGciOiJIUzI1NiJ9.eyJzdWIiOiIxNDUiLCJ1c2VybmFtZSI6ImptZXRlcjE0NSIsImlhdCI6MTc4NjU0MTQxNywiZXhwIjoxNzg2NjI3ODE3fQ.XwfP4xGQcn3KL8ugjbY0jJzrSMocHkrN4OmhyAYxppg,745
jmeter146,eyJhbGciOiJIUzI1NiJ9.eyJzdWIiOiIxNDYiLCJ1c2VybmFtZSI6ImptZXRlcjE0NiIsImlhdCI6MTc4NjU0MTQxNywiZXhwIjoxNzg2NjI3ODE3fQ.ClbaGLVA7wlzPwA1-vm3YbtYhUSQ4xW1dTywga2J8mE,746
jmeter147,eyJhbGciOiJIUzI1NiJ9.eyJzdWIiOiIxNDciLCJ1c2VybmFtZSI6ImptZXRlcjE0NyIsImlhdCI6MTc4NjU0MTQxNywiZXhwIjoxNzg2NjI3ODE3fQ.PFHXBU1cGqPc_sF5_rw1Pj6n6jGwHZrTYg3CsjGBY70,747
jmeter148,eyJhbGciOiJIUzI1NiJ9.eyJzdWIiOiIxNDgiLCJ1c2VybmFtZSI6ImptZXRlcjE0OCIsImlhdCI6MTc4NjU0MTQxOCwiZXhwIjoxNzg2NjI3ODE4fQ.-VbaTaV-OOOuSUC50DNPIGPNc5q3n4KfrnltK1vY_0w,748
jmeter149,eyJhbGciOiJIUzI1NiJ9.eyJzdWIiOiIxNDkiLCJ1c2VybmFtZSI6ImptZXRlcjE0OSIsImlhdCI6MTc4NjU0MTQxOCwiZXhwIjoxNzg2NjI3ODE4fQ.zneeTD7c8cP5Etthny_NB9KMqd5XnbdXYIZ454ie7nk,749
jmeter150,eyJhbGciOiJIUzI1NiJ9.eyJzdWIiOiIxNTAiLCJ1c2VybmFtZSI6ImptZXRlcjE1MCIsImlhdCI6MTc4NjU0MTQxOCwiZXhwIjoxNzg2NjI3ODE4fQ.BP8pz1B78_6jbuGamAZ9w1qAq2UxBO7QwUCoCdp06a8,750
jmeter151,eyJhbGciOiJIUzI1NiJ9.eyJzdWIiOiIxNTEiLCJ1c2VybmFtZSI6ImptZXRlcjE1MSIsImlhdCI6MTc4NjU0MTQxOCwiZXhwIjoxNzg2NjI3ODE4fQ.PP5_FTQlFmI_12AFOWpryAz41Hpm2_Cnw76eDEnyQ0I,751
jmeter152,eyJhbGciOiJIUzI1NiJ9.eyJzdWIiOiIxNTIiLCJ1c2VybmFtZSI6ImptZXRlcjE1MiIsImlhdCI6MTc4NjU0MTQxOCwiZXhwIjoxNzg2NjI3ODE4fQ.UknssrBbui7Iw6XIITjkbMXIoNGwZF-Pp1NkZHIYo64,752
jmeter153,eyJhbGciOiJIUzI1NiJ9.eyJzdWIiOiIxNTMiLCJ1c2VybmFtZSI6ImptZXRlcjE1MyIsImlhdCI6MTc4NjU0MTQxOCwiZXhwIjoxNzg2NjI3ODE4fQ.-V94Uuy2qAzNeosxfwus5mlJeY2nw-F0jzIFGK2pDa4,753
jmeter154,eyJhbGciOiJIUzI1NiJ9.eyJzdWIiOiIxNTQiLCJ1c2VybmFtZSI6ImptZXRlcjE1NCIsImlhdCI6MTc4NjU0MTQxOSwiZXhwIjoxNzg2NjI3ODE5fQ.l8nehd7HnHegch1mUlXfsNplgZsmIsbNbUKjbX_c0ww,754
jmeter155,eyJhbGciOiJIUzI1NiJ9.eyJzdWIiOiIxNTUiLCJ1c2VybmFtZSI6ImptZXRlcjE1NSIsImlhdCI6MTc4NjU0MTQxOSwiZXhwIjoxNzg2NjI3ODE5fQ.DS6028t67c8sypCsFUAjyTOsjB2VTzbm-JUfC2MUjh4,755
jmeter156,eyJhbGciOiJIUzI1NiJ9.eyJzdWIiOiIxNTYiLCJ1c2VybmFtZSI6ImptZXRlcjE1NiIsImlhdCI6MTc4NjU0MTQxOSwiZXhwIjoxNzg2NjI3ODE5fQ.WaLHJ3pvwczUinzPlPYcPhrM8pRmZ-PVG-qEFkkg1sQ,756
jmeter157,eyJhbGciOiJIUzI1NiJ9.eyJzdWIiOiIxNTciLCJ1c2VybmFtZSI6ImptZXRlcjE1NyIsImlhdCI6MTc4NjU0MTQxOSwiZXhwIjoxNzg2NjI3ODE5fQ.enoXXsawAAyuuTG34_ISOR02jYrhuFLoiBVfFRLD2WY,757
jmeter158,eyJhbGciOiJIUzI1NiJ9.eyJzdWIiOiIxNTgiLCJ1c2VybmFtZSI6ImptZXRlcjE1OCIsImlhdCI6MTc4NjU0MTQxOSwiZXhwIjoxNzg2NjI3ODE5fQ.Rb9E-1CswPoQrDbs2C8wZPnTEn8SWufVz2zniVKQVJo,758
jmeter159,eyJhbGciOiJIUzI1NiJ9.eyJzdWIiOiIxNTkiLCJ1c2VybmFtZSI6ImptZXRlcjE1OSIsImlhdCI6MTc4NjU0MTQxOSwiZXhwIjoxNzg2NjI3ODE5fQ.wTUiCU6rZL2BV3LbX4y-VTguEF0UTMAQhNW73qzOAbg,759
jmeter160,eyJhbGciOiJIUzI1NiJ9.eyJzdWIiOiIxNjAiLCJ1c2VybmFtZSI6ImptZXRlcjE2MCIsImlhdCI6MTc4NjU0MTQxOSwiZXhwIjoxNzg2NjI3ODE5fQ.nnGzolpzBxSvHHd8uzio6JcUdQpJlFCfwMK8ZclhWhk,760
jmeter161,eyJhbGciOiJIUzI1NiJ9.eyJzdWIiOiIxNjEiLCJ1c2VybmFtZSI6ImptZXRlcjE2MSIsImlhdCI6MTc4NjU0MTQyMCwiZXhwIjoxNzg2NjI3ODIwfQ.KwIL7kmML_Yg_lFeGG0VwPwzPdIZWTCiP8U3NA8GYLU,761
jmeter162,eyJhbGciOiJIUzI1NiJ9.eyJzdWIiOiIxNjIiLCJ1c2VybmFtZSI6ImptZXRlcjE2MiIsImlhdCI6MTc4NjU0MTQyMCwiZXhwIjoxNzg2NjI3ODIwfQ.vsW9COBGmRvjVDbFC33xOman09Lqr0SqgTQqjLlIYQg,762
jmeter163,eyJhbGciOiJIUzI1NiJ9.eyJzdWIiOiIxNjMiLCJ1c2VybmFtZSI6ImptZXRlcjE2MyIsImlhdCI6MTc4NjU0MTQyMCwiZXhwIjoxNzg2NjI3ODIwfQ.nG7MCtS18u10JCu-OlxnmpXHFlRAR-7prnh49X3DGa8,763
jmeter164,eyJhbGciOiJIUzI1NiJ9.eyJzdWIiOiIxNjQiLCJ1c2VybmFtZSI6ImptZXRlcjE2NCIsImlhdCI6MTc4NjU0MTQyMCwiZXhwIjoxNzg2NjI3ODIwfQ.CclN_cWwgR30nXJsFbjJ6o_Ja_dn955vg0g6LlDmNcA,764
jmeter165,eyJhbGciOiJIUzI1NiJ9.eyJzdWIiOiIxNjUiLCJ1c2VybmFtZSI6ImptZXRlcjE2NSIsImlhdCI6MTc4NjU0MTQyMCwiZXhwIjoxNzg2NjI3ODIwfQ.Bu-hQBqixwBdVKC9AF9JFkmB19Vo0yrfVgnHDdC_kww,765
jmeter166,eyJhbGciOiJIUzI1NiJ9.eyJzdWIiOiIxNjYiLCJ1c2VybmFtZSI6ImptZXRlcjE2NiIsImlhdCI6MTc4NjU0MTQyMCwiZXhwIjoxNzg2NjI3ODIwfQ.47dA_HLoAayo8iqSS7TXHlpfyYCpJK-LSFFmJPyXihY,766
jmeter167,eyJhbGciOiJIUzI1NiJ9.eyJzdWIiOiIxNjciLCJ1c2VybmFtZSI6ImptZXRlcjE2NyIsImlhdCI6MTc4NjU0MTQyMSwiZXhwIjoxNzg2NjI3ODIxfQ.xXnx1Xq92nQa3TUzcuZ4XpXci_waCR-yQ5EHOrDhgxE,767
jmeter168,eyJhbGciOiJIUzI1NiJ9.eyJzdWIiOiIxNjgiLCJ1c2VybmFtZSI6ImptZXRlcjE2OCIsImlhdCI6MTc4NjU0MTQyMSwiZXhwIjoxNzg2NjI3ODIxfQ.mImLtijvkGvLucQgFnCyJKFXtFa0iLlgDeICW4YNuno,768
jmeter169,eyJhbGciOiJIUzI1NiJ9.eyJzdWIiOiIxNjkiLCJ1c2VybmFtZSI6ImptZXRlcjE2OSIsImlhdCI6MTc4NjU0MTQyMSwiZXhwIjoxNzg2NjI3ODIxfQ.EUP0zmT5wNXy7LunDMaIwXavuBCl2WvjHLddsq5l8mI,769
jmeter170,eyJhbGciOiJIUzI1NiJ9.eyJzdWIiOiIxNzAiLCJ1c2VybmFtZSI6ImptZXRlcjE3MCIsImlhdCI6MTc4NjU0MTQyMSwiZXhwIjoxNzg2NjI3ODIxfQ.0YfSfi-sPtBJcNYV3Vi0TUFovxN7fURhTg55HCUKIC0,770
jmeter171,eyJhbGciOiJIUzI1NiJ9.eyJzdWIiOiIxNzEiLCJ1c2VybmFtZSI6ImptZXRlcjE3MSIsImlhdCI6MTc4NjU0MTQyMSwiZXhwIjoxNzg2NjI3ODIxfQ.GIUl1URhjUfyI-3Lmy2nqaVufndboeMFqiTzWbVvie8,771
jmeter172,eyJhbGciOiJIUzI1NiJ9.eyJzdWIiOiIxNzIiLCJ1c2VybmFtZSI6ImptZXRlcjE3MiIsImlhdCI6MTc4NjU0MTQyMiwiZXhwIjoxNzg2NjI3ODIyfQ.7_JfckO94wsjA5Q3sJAFBCmhMOrzQ8So38FRHJePyu4,772
jmeter173,eyJhbGciOiJIUzI1NiJ9.eyJzdWIiOiIxNzMiLCJ1c2VybmFtZSI6ImptZXRlcjE3MyIsImlhdCI6MTc4NjU0MTQyMiwiZXhwIjoxNzg2NjI3ODIyfQ.vxHCZSzITqkE9tnaddwjShMuWzmh6nqLBeWmAXa-dsQ,773
jmeter174,eyJhbGciOiJIUzI1NiJ9.eyJzdWIiOiIxNzQiLCJ1c2VybmFtZSI6ImptZXRlcjE3NCIsImlhdCI6MTc4NjU0MTQyMiwiZXhwIjoxNzg2NjI3ODIyfQ.GhvoZPj9YvWA6RD0mmwhhfnI-xiYETQAG0BCB0fBYFw,774
jmeter175,eyJhbGciOiJIUzI1NiJ9.eyJzdWIiOiIxNzUiLCJ1c2VybmFtZSI6ImptZXRlcjE3NSIsImlhdCI6MTc4NjU0MTQyMiwiZXhwIjoxNzg2NjI3ODIyfQ.PILnCMQlkKF9zPTcmzqxwpsJUVDoSGwXqzCkMOnJWKQ,775
jmeter176,eyJhbGciOiJIUzI1NiJ9.eyJzdWIiOiIxNzYiLCJ1c2VybmFtZSI6ImptZXRlcjE3NiIsImlhdCI6MTc4NjU0MTQyMiwiZXhwIjoxNzg2NjI3ODIyfQ.S70S8XSXAEux435SkewBRweOujdbhpOLlWJaeZ4NSEo,776
jmeter177,eyJhbGciOiJIUzI1NiJ9.eyJzdWIiOiIxNzciLCJ1c2VybmFtZSI6ImptZXRlcjE3NyIsImlhdCI6MTc4NjU0MTQyMiwiZXhwIjoxNzg2NjI3ODIyfQ.kBITukhOSYyI3GVVgKiZ7Y4JE99LyEFcHK3HAyLjO3s,777
jmeter178,eyJhbGciOiJIUzI1NiJ9.eyJzdWIiOiIxNzgiLCJ1c2VybmFtZSI6ImptZXRlcjE3OCIsImlhdCI6MTc4NjU0MTQyMywiZXhwIjoxNzg2NjI3ODIzfQ.7Sotlur864IJJEa3rn2yFEdimPPZEzXheBJVcdPOq4Y,778
jmeter179,eyJhbGciOiJIUzI1NiJ9.eyJzdWIiOiIxNzkiLCJ1c2VybmFtZSI6ImptZXRlcjE3OSIsImlhdCI6MTc4NjU0MTQyMywiZXhwIjoxNzg2NjI3ODIzfQ.A1lkXI-eovOTqu0JdhUCInPmIU7o-tW4LThJbt0NsJk,779
jmeter180,eyJhbGciOiJIUzI1NiJ9.eyJzdWIiOiIxODAiLCJ1c2VybmFtZSI6ImptZXRlcjE4MCIsImlhdCI6MTc4NjU0MTQyMywiZXhwIjoxNzg2NjI3ODIzfQ.byrr5wwHFsEmk95QxXX17nn4B8eniK0JOT70N3egxMc,780
jmeter181,eyJhbGciOiJIUzI1NiJ9.eyJzdWIiOiIxODEiLCJ1c2VybmFtZSI6ImptZXRlcjE4MSIsImlhdCI6MTc4NjU0MTQyMywiZXhwIjoxNzg2NjI3ODIzfQ.PKnZfkOfrgGNKekhRHltwWYrzIylNpl0yGySkPLnlac,781
jmeter182,eyJhbGciOiJIUzI1NiJ9.eyJzdWIiOiIxODIiLCJ1c2VybmFtZSI6ImptZXRlcjE4MiIsImlhdCI6MTc4NjU0MTQyMywiZXhwIjoxNzg2NjI3ODIzfQ.wwI5NwC2N35ru-_iDXB_VNbwObUuOSsymMQrlW6q4wk,782
jmeter183,eyJhbGciOiJIUzI1NiJ9.eyJzdWIiOiIxODMiLCJ1c2VybmFtZSI6ImptZXRlcjE4MyIsImlhdCI6MTc4NjU0MTQyNCwiZXhwIjoxNzg2NjI3ODI0fQ.SqW4oq0rifAL_SlNORpgrjMVg5JPa-c8vQqmz15Tcio,783
jmeter184,eyJhbGciOiJIUzI1NiJ9.eyJzdWIiOiIxODQiLCJ1c2VybmFtZSI6ImptZXRlcjE4NCIsImlhdCI6MTc4NjU0MTQyNCwiZXhwIjoxNzg2NjI3ODI0fQ.07HVAv0_AOvNpa--Wz1hCfjFh8ik8408omqt77i4jn4,784
jmeter185,eyJhbGciOiJIUzI1NiJ9.eyJzdWIiOiIxODUiLCJ1c2VybmFtZSI6ImptZXRlcjE4NSIsImlhdCI6MTc4NjU0MTQyNCwiZXhwIjoxNzg2NjI3ODI0fQ.DHqU9dJMq-zOn4-zJiAA6BVRMLg8war0dd6wYIm3j7s,785
jmeter186,eyJhbGciOiJIUzI1NiJ9.eyJzdWIiOiIxODYiLCJ1c2VybmFtZSI6ImptZXRlcjE4NiIsImlhdCI6MTc4NjU0MTQyNCwiZXhwIjoxNzg2NjI3ODI0fQ.adq1CBBkjSKKiSD8Qu-AceN_KnLomkx3TIKWw2gQ1SM,786
jmeter187,eyJhbGciOiJIUzI1NiJ9.eyJzdWIiOiIxODciLCJ1c2VybmFtZSI6ImptZXRlcjE4NyIsImlhdCI6MTc4NjU0MTQyNCwiZXhwIjoxNzg2NjI3ODI0fQ.EVTeJLxVk-jE1gFhgVWqqU7ISHCT3MWQ8w2r-SRPHfE,787
jmeter188,eyJhbGciOiJIUzI1NiJ9.eyJzdWIiOiIxODgiLCJ1c2VybmFtZSI6ImptZXRlcjE4OCIsImlhdCI6MTc4NjU0MTQyNCwiZXhwIjoxNzg2NjI3ODI0fQ.Byrt5a1ygVn_nMIRTToWXiLye2bbtjSmDkUEawbK-9k,788
jmeter189,eyJhbGciOiJIUzI1NiJ9.eyJzdWIiOiIxODkiLCJ1c2VybmFtZSI6ImptZXRlcjE4OSIsImlhdCI6MTc4NjU0MTQyNCwiZXhwIjoxNzg2NjI3ODI0fQ.As4xJa1ygb5BAzVhPNTp55j7O4-7FNxyWdcSL1fAXws,789
jmeter190,eyJhbGciOiJIUzI1NiJ9.eyJzdWIiOiIxOTAiLCJ1c2VybmFtZSI6ImptZXRlcjE5MCIsImlhdCI6MTc4NjU0MTQyNSwiZXhwIjoxNzg2NjI3ODI1fQ.1ZC0eVszQk7gQ_tLe1mF8oie5uDaeqqfZFr0PAcWSlE,790
jmeter191,eyJhbGciOiJIUzI1NiJ9.eyJzdWIiOiIxOTEiLCJ1c2VybmFtZSI6ImptZXRlcjE5MSIsImlhdCI6MTc4NjU0MTQyNSwiZXhwIjoxNzg2NjI3ODI1fQ.nybVCJMXiGYS5kAf6mScfcfL6GScKxsxvagcQiVYDDI,791
jmeter192,eyJhbGciOiJIUzI1NiJ9.eyJzdWIiOiIxOTIiLCJ1c2VybmFtZSI6ImptZXRlcjE5MiIsImlhdCI6MTc4NjU0MTQyNSwiZXhwIjoxNzg2NjI3ODI1fQ.9TGDFMkWHHdAPTxURbrE9SHQLzYIiiPuLENeKfSxYCw,792
jmeter193,eyJhbGciOiJIUzI1NiJ9.eyJzdWIiOiIxOTMiLCJ1c2VybmFtZSI6ImptZXRlcjE5MyIsImlhdCI6MTc4NjU0MTQyNSwiZXhwIjoxNzg2NjI3ODI1fQ.gpYVd-JNnvDuHAlZYMSN6ndALotYQgHeD9o9Hidqy2c,793
jmeter194,eyJhbGciOiJIUzI1NiJ9.eyJzdWIiOiIxOTQiLCJ1c2VybmFtZSI6ImptZXRlcjE5NCIsImlhdCI6MTc4NjU0MTQyNSwiZXhwIjoxNzg2NjI3ODI1fQ.XBjHRcUcD2mW9OIwNFPHo0dUW0y-eu2-VlI1qD-qksI,794
jmeter195,eyJhbGciOiJIUzI1NiJ9.eyJzdWIiOiIxOTUiLCJ1c2VybmFtZSI6ImptZXRlcjE5NSIsImlhdCI6MTc4NjU0MTQyNSwiZXhwIjoxNzg2NjI3ODI1fQ.73yV1IaUz-nbgSByFAlmSCa4P6-f_2jjntTZpurjGXA,795
jmeter196,eyJhbGciOiJIUzI1NiJ9.eyJzdWIiOiIxOTYiLCJ1c2VybmFtZSI6ImptZXRlcjE5NiIsImlhdCI6MTc4NjU0MTQyNiwiZXhwIjoxNzg2NjI3ODI2fQ.w_w6XTWUZ7M-UPWsXR20MLryZRfX0nnEzTqhiM86-Xk,796
jmeter197,eyJhbGciOiJIUzI1NiJ9.eyJzdWIiOiIxOTciLCJ1c2VybmFtZSI6ImptZXRlcjE5NyIsImlhdCI6MTc4NjU0MTQyNiwiZXhwIjoxNzg2NjI3ODI2fQ.a62_U0vB6MB5MiPDnM9NrB5m-B-fkbxI0jNliDtGQeA,797
jmeter198,eyJhbGciOiJIUzI1NiJ9.eyJzdWIiOiIxOTgiLCJ1c2VybmFtZSI6ImptZXRlcjE5OCIsImlhdCI6MTc4NjU0MTQyNiwiZXhwIjoxNzg2NjI3ODI2fQ.yi8lGEpf_DGnjffj2isv1E5TuMqRo5aRoaUi0jB1-W8,798
jmeter199,eyJhbGciOiJIUzI1NiJ9.eyJzdWIiOiIxOTkiLCJ1c2VybmFtZSI6ImptZXRlcjE5OSIsImlhdCI6MTc4NjU0MTQyNiwiZXhwIjoxNzg2NjI3ODI2fQ.0k0ySoti9sCj37lcQ44xsnEz0oVjUEIW3tCaZ1O2iAI,799
jmeter200,eyJhbGciOiJIUzI1NiJ9.eyJzdWIiOiIyMDAiLCJ1c2VybmFtZSI6ImptZXRlcjIwMCIsImlhdCI6MTc4NjU0MTQyNiwiZXhwIjoxNzg2NjI3ODI2fQ.rUCza_a8Q4XEntCCHgud6S6eAjaEbSqRB6dT0JCZjqE,800
jmeter201,eyJhbGciOiJIUzI1NiJ9.eyJzdWIiOiIyMDEiLCJ1c2VybmFtZSI6ImptZXRlcjIwMSIsImlhdCI6MTc4NjU0MTQyNiwiZXhwIjoxNzg2NjI3ODI2fQ.Jxirr5CF1gQvvcHbq6_egIIUjlMOK9r6k0p7IH8uhwE,801
jmeter202,eyJhbGciOiJIUzI1NiJ9.eyJzdWIiOiIyMDIiLCJ1c2VybmFtZSI6ImptZXRlcjIwMiIsImlhdCI6MTc4NjU0MTQyNywiZXhwIjoxNzg2NjI3ODI3fQ.431bVvCZghNaFGIQTrjnnVcK9o1aALut8u5kpK32eF0,802
jmeter203,eyJhbGciOiJIUzI1NiJ9.eyJzdWIiOiIyMDMiLCJ1c2VybmFtZSI6ImptZXRlcjIwMyIsImlhdCI6MTc4NjU0MTQyNywiZXhwIjoxNzg2NjI3ODI3fQ.-_gdByIMLbYRKZSoFbHi-i2VADHUgkH7iVlVJzjbHzQ,803
jmeter204,eyJhbGciOiJIUzI1NiJ9.eyJzdWIiOiIyMDQiLCJ1c2VybmFtZSI6ImptZXRlcjIwNCIsImlhdCI6MTc4NjU0MTQyNywiZXhwIjoxNzg2NjI3ODI3fQ.rquP5I4UD70AYBE-iY1Gpn7f7ZSBPtxbFj57eQwfiis,804
jmeter205,eyJhbGciOiJIUzI1NiJ9.eyJzdWIiOiIyMDUiLCJ1c2VybmFtZSI6ImptZXRlcjIwNSIsImlhdCI6MTc4NjU0MTQyNywiZXhwIjoxNzg2NjI3ODI3fQ.uHDCCO7_vaE6e_eEEjvQSHHZHG7eyARn0DQ3hGCkbyU,805
jmeter206,eyJhbGciOiJIUzI1NiJ9.eyJzdWIiOiIyMDYiLCJ1c2VybmFtZSI6ImptZXRlcjIwNiIsImlhdCI6MTc4NjU0MTQyNywiZXhwIjoxNzg2NjI3ODI3fQ.hM8kqBTshz4QPDGBmOLAj63rYuHzU9HYUX3N5EvqxbI,806
jmeter207,eyJhbGciOiJIUzI1NiJ9.eyJzdWIiOiIyMDciLCJ1c2VybmFtZSI6ImptZXRlcjIwNyIsImlhdCI6MTc4NjU0MTQyNywiZXhwIjoxNzg2NjI3ODI3fQ.XdcUiP467yimSvh-TawBFmpNbjZNMKE6RHX3t52QL2Q,807
jmeter208,eyJhbGciOiJIUzI1NiJ9.eyJzdWIiOiIyMDgiLCJ1c2VybmFtZSI6ImptZXRlcjIwOCIsImlhdCI6MTc4NjU0MTQyOCwiZXhwIjoxNzg2NjI3ODI4fQ.68DvSw6NJJuvZ0V4FlH3oecYq8vfO887XF8Mp76IDA4,808
jmeter209,eyJhbGciOiJIUzI1NiJ9.eyJzdWIiOiIyMDkiLCJ1c2VybmFtZSI6ImptZXRlcjIwOSIsImlhdCI6MTc4NjU0MTQyOCwiZXhwIjoxNzg2NjI3ODI4fQ.vgsQsVC-09uU6l5D_2FUXGJgHSf3V-9LUKOmOV-0__4,809
jmeter210,eyJhbGciOiJIUzI1NiJ9.eyJzdWIiOiIyMTAiLCJ1c2VybmFtZSI6ImptZXRlcjIxMCIsImlhdCI6MTc4NjU0MTQyOCwiZXhwIjoxNzg2NjI3ODI4fQ.pojIC4EunMqGOFVI-m_dredruOHp23EHAR63zAhrIbQ,810
jmeter211,eyJhbGciOiJIUzI1NiJ9.eyJzdWIiOiIyMTEiLCJ1c2VybmFtZSI6ImptZXRlcjIxMSIsImlhdCI6MTc4NjU0MTQyOCwiZXhwIjoxNzg2NjI3ODI4fQ.Ns_4F-IZ2CooL6514NS6ZUcPVTHfv3aql8zOQpwlhc0,811
jmeter212,eyJhbGciOiJIUzI1NiJ9.eyJzdWIiOiIyMTIiLCJ1c2VybmFtZSI6ImptZXRlcjIxMiIsImlhdCI6MTc4NjU0MTQyOCwiZXhwIjoxNzg2NjI3ODI4fQ.DquLJVkgdv_UNU_-23ZGmpLNPCNgaKmOd8DWnwZEeUo,812
jmeter213,eyJhbGciOiJIUzI1NiJ9.eyJzdWIiOiIyMTMiLCJ1c2VybmFtZSI6ImptZXRlcjIxMyIsImlhdCI6MTc4NjU0MTQyOCwiZXhwIjoxNzg2NjI3ODI4fQ.7TVzqWTGCyyaZHOml7RT0DgXtWR1XU9AOEaOCnELom4,813
jmeter214,eyJhbGciOiJIUzI1NiJ9.eyJzdWIiOiIyMTQiLCJ1c2VybmFtZSI6ImptZXRlcjIxNCIsImlhdCI6MTc4NjU0MTQyOSwiZXhwIjoxNzg2NjI3ODI5fQ.3H5RkVKNQ6AIOYTH0NICbIbNwmqBwVjSHk_R9sd5iYA,814
jmeter215,eyJhbGciOiJIUzI1NiJ9.eyJzdWIiOiIyMTUiLCJ1c2VybmFtZSI6ImptZXRlcjIxNSIsImlhdCI6MTc4NjU0MTQyOSwiZXhwIjoxNzg2NjI3ODI5fQ.pXuuY1kLWkyTJ2dURHRZ27OyPq4lXsy-bZhwiQEW0U4,815
jmeter216,eyJhbGciOiJIUzI1NiJ9.eyJzdWIiOiIyMTYiLCJ1c2VybmFtZSI6ImptZXRlcjIxNiIsImlhdCI6MTc4NjU0MTQyOSwiZXhwIjoxNzg2NjI3ODI5fQ.DAXLsrHkvI167j_MIuODnqP7cw39jLbzk0HboYqsCJk,816
jmeter217,eyJhbGciOiJIUzI1NiJ9.eyJzdWIiOiIyMTciLCJ1c2VybmFtZSI6ImptZXRlcjIxNyIsImlhdCI6MTc4NjU0MTQyOSwiZXhwIjoxNzg2NjI3ODI5fQ.SfinhVwEneT3t86BIGm0qgfuRxt5sMmJ62u361Aa5iw,817
jmeter218,eyJhbGciOiJIUzI1NiJ9.eyJzdWIiOiIyMTgiLCJ1c2VybmFtZSI6ImptZXRlcjIxOCIsImlhdCI6MTc4NjU0MTQyOSwiZXhwIjoxNzg2NjI3ODI5fQ.8GT6pOSPCwGTnVfbPvF7eLosBW4APonFrwC_8bNCt-U,818
jmeter219,eyJhbGciOiJIUzI1NiJ9.eyJzdWIiOiIyMTkiLCJ1c2VybmFtZSI6ImptZXRlcjIxOSIsImlhdCI6MTc4NjU0MTQyOSwiZXhwIjoxNzg2NjI3ODI5fQ.cuuVzjuOK7S8zjjQ7kYjdwB_YWpfiJBit6MbObzaVxw,819
jmeter220,eyJhbGciOiJIUzI1NiJ9.eyJzdWIiOiIyMjAiLCJ1c2VybmFtZSI6ImptZXRlcjIyMCIsImlhdCI6MTc4NjU0MTQzMCwiZXhwIjoxNzg2NjI3ODMwfQ.JD0s-diWecZUUprFD_3zbo30dakmnldXl7b-H9TOPO4,820
jmeter221,eyJhbGciOiJIUzI1NiJ9.eyJzdWIiOiIyMjEiLCJ1c2VybmFtZSI6ImptZXRlcjIyMSIsImlhdCI6MTc4NjU0MTQzMCwiZXhwIjoxNzg2NjI3ODMwfQ.8WZG3Ese4Ous8DtMlA0uU0HgSSOQEmXp4AEIty4GCwU,821
jmeter222,eyJhbGciOiJIUzI1NiJ9.eyJzdWIiOiIyMjIiLCJ1c2VybmFtZSI6ImptZXRlcjIyMiIsImlhdCI6MTc4NjU0MTQzMCwiZXhwIjoxNzg2NjI3ODMwfQ.kAaAgHTZIqf6dSRhU57-5g9gA1AYTQTSjB-4jqilLIo,822
jmeter223,eyJhbGciOiJIUzI1NiJ9.eyJzdWIiOiIyMjMiLCJ1c2VybmFtZSI6ImptZXRlcjIyMyIsImlhdCI6MTc4NjU0MTQzMCwiZXhwIjoxNzg2NjI3ODMwfQ.qJWxCzu2coBksGm1jiF54Q5xRzDS3Hr7xC4Zii76rMw,823
jmeter224,eyJhbGciOiJIUzI1NiJ9.eyJzdWIiOiIyMjQiLCJ1c2VybmFtZSI6ImptZXRlcjIyNCIsImlhdCI6MTc4NjU0MTQzMCwiZXhwIjoxNzg2NjI3ODMwfQ.vuddDlivZkvwBffFF5Y01zGMIDA29mIOAmXGKzBp_8c,824
jmeter225,eyJhbGciOiJIUzI1NiJ9.eyJzdWIiOiIyMjUiLCJ1c2VybmFtZSI6ImptZXRlcjIyNSIsImlhdCI6MTc4NjU0MTQzMCwiZXhwIjoxNzg2NjI3ODMwfQ.yHCVLgsCnzvknfbmCxfsW5wrzI54vLx9-Fm06Ij788A,825
jmeter226,eyJhbGciOiJIUzI1NiJ9.eyJzdWIiOiIyMjYiLCJ1c2VybmFtZSI6ImptZXRlcjIyNiIsImlhdCI6MTc4NjU0MTQzMSwiZXhwIjoxNzg2NjI3ODMxfQ.JsEEVtSYKQfP_fWBudYvilQBr96wYGmjfURP7W5AUZI,826
jmeter227,eyJhbGciOiJIUzI1NiJ9.eyJzdWIiOiIyMjciLCJ1c2VybmFtZSI6ImptZXRlcjIyNyIsImlhdCI6MTc4NjU0MTQzMSwiZXhwIjoxNzg2NjI3ODMxfQ.yPiFY_-6GSZ8t6M2OMHtMgYnTxkiWoqEEq3QTnasWFw,827
jmeter228,eyJhbGciOiJIUzI1NiJ9.eyJzdWIiOiIyMjgiLCJ1c2VybmFtZSI6ImptZXRlcjIyOCIsImlhdCI6MTc4NjU0MTQzMSwiZXhwIjoxNzg2NjI3ODMxfQ.8xcpLlMmTgkjPiD4mVJMOMOCXlBDqFiKjls8gG2iLFA,828
jmeter229,eyJhbGciOiJIUzI1NiJ9.eyJzdWIiOiIyMjkiLCJ1c2VybmFtZSI6ImptZXRlcjIyOSIsImlhdCI6MTc4NjU0MTQzMSwiZXhwIjoxNzg2NjI3ODMxfQ.7_HcbSCFGHyMZn1usOePriwKTFcwl-HfH5vwWk-9XEA,829
jmeter230,eyJhbGciOiJIUzI1NiJ9.eyJzdWIiOiIyMzAiLCJ1c2VybmFtZSI6ImptZXRlcjIzMCIsImlhdCI6MTc4NjU0MTQzMSwiZXhwIjoxNzg2NjI3ODMxfQ.p4SXQNFne4eZgwJdyhjJDg_frtmWmp25KoCb5X2ic68,830
jmeter231,eyJhbGciOiJIUzI1NiJ9.eyJzdWIiOiIyMzEiLCJ1c2VybmFtZSI6ImptZXRlcjIzMSIsImlhdCI6MTc4NjU0MTQzMSwiZXhwIjoxNzg2NjI3ODMxfQ.OMptWeD22cM30uMJ-Zsn4TbE7xV631g1gCgC_Yf4rGI,831
jmeter232,eyJhbGciOiJIUzI1NiJ9.eyJzdWIiOiIyMzIiLCJ1c2VybmFtZSI6ImptZXRlcjIzMiIsImlhdCI6MTc4NjU0MTQzMSwiZXhwIjoxNzg2NjI3ODMxfQ.fODGJEnmd9wNAR7Z8atSTFmttI9FQbFZzBzQDyk59Kk,832
jmeter233,eyJhbGciOiJIUzI1NiJ9.eyJzdWIiOiIyMzMiLCJ1c2VybmFtZSI6ImptZXRlcjIzMyIsImlhdCI6MTc4NjU0MTQzMiwiZXhwIjoxNzg2NjI3ODMyfQ.D23h9KBf2uAiWGAzATk5mQaoGD-l2y6QL0_pl7h8_R0,833
jmeter234,eyJhbGciOiJIUzI1NiJ9.eyJzdWIiOiIyMzQiLCJ1c2VybmFtZSI6ImptZXRlcjIzNCIsImlhdCI6MTc4NjU0MTQzMiwiZXhwIjoxNzg2NjI3ODMyfQ.MtpbUTiKacFDY9Uo0C3Pbf4wb0ijAySFdLDBZ11NJM8,834
jmeter235,eyJhbGciOiJIUzI1NiJ9.eyJzdWIiOiIyMzUiLCJ1c2VybmFtZSI6ImptZXRlcjIzNSIsImlhdCI6MTc4NjU0MTQzMiwiZXhwIjoxNzg2NjI3ODMyfQ.sOqPZdDCWhRgL1_382ZrmxKjm2mQfO7BFC300nVGJRc,835
jmeter236,eyJhbGciOiJIUzI1NiJ9.eyJzdWIiOiIyMzYiLCJ1c2VybmFtZSI6ImptZXRlcjIzNiIsImlhdCI6MTc4NjU0MTQzMiwiZXhwIjoxNzg2NjI3ODMyfQ.3GvmmzWPb-14rRo3jFVcTlWozYbSenE1oTodNZbSgDM,836
jmeter237,eyJhbGciOiJIUzI1NiJ9.eyJzdWIiOiIyMzciLCJ1c2VybmFtZSI6ImptZXRlcjIzNyIsImlhdCI6MTc4NjU0MTQzMiwiZXhwIjoxNzg2NjI3ODMyfQ.sb1WTgMQ3KSudIzGzbWAHHGEnaobIgdw26sWfI0Ncd4,837
jmeter238,eyJhbGciOiJIUzI1NiJ9.eyJzdWIiOiIyMzgiLCJ1c2VybmFtZSI6ImptZXRlcjIzOCIsImlhdCI6MTc4NjU0MTQzMiwiZXhwIjoxNzg2NjI3ODMyfQ.M5mAy6No7XHiaKoLhk4FOWHVm2rYPY9IzpSDeB9BcEU,838
jmeter239,eyJhbGciOiJIUzI1NiJ9.eyJzdWIiOiIyMzkiLCJ1c2VybmFtZSI6ImptZXRlcjIzOSIsImlhdCI6MTc4NjU0MTQzMywiZXhwIjoxNzg2NjI3ODMzfQ.68Fn_U1wey-oeETb0CvGpXEBT-Vllz-2bgpJvoGyLjI,839
jmeter240,eyJhbGciOiJIUzI1NiJ9.eyJzdWIiOiIyNDAiLCJ1c2VybmFtZSI6ImptZXRlcjI0MCIsImlhdCI6MTc4NjU0MTQzMywiZXhwIjoxNzg2NjI3ODMzfQ.pSTz9jHCfhXyzrSeHZCiy6XMNdB_1_WBmhRFICMRrs0,840
jmeter241,eyJhbGciOiJIUzI1NiJ9.eyJzdWIiOiIyNDEiLCJ1c2VybmFtZSI6ImptZXRlcjI0MSIsImlhdCI6MTc4NjU0MTQzMywiZXhwIjoxNzg2NjI3ODMzfQ.lwBaYWRYAGv6sV9xZ5ZCML_esawMDwD5XvE1Ci-JiKs,841
jmeter242,eyJhbGciOiJIUzI1NiJ9.eyJzdWIiOiIyNDIiLCJ1c2VybmFtZSI6ImptZXRlcjI0MiIsImlhdCI6MTc4NjU0MTQzMywiZXhwIjoxNzg2NjI3ODMzfQ.J-Rklwn6JHX_nXC1pbsDS4m8jvQXiKi4A0fJj5bNDfw,842
jmeter243,eyJhbGciOiJIUzI1NiJ9.eyJzdWIiOiIyNDMiLCJ1c2VybmFtZSI6ImptZXRlcjI0MyIsImlhdCI6MTc4NjU0MTQzMywiZXhwIjoxNzg2NjI3ODMzfQ.StNOO_DnvNEnGVVVgmdjKp-fwB3N7WEdgxSQPZiu4HU,843
jmeter244,eyJhbGciOiJIUzI1NiJ9.eyJzdWIiOiIyNDQiLCJ1c2VybmFtZSI6ImptZXRlcjI0NCIsImlhdCI6MTc4NjU0MTQzMywiZXhwIjoxNzg2NjI3ODMzfQ.PphKZ6EUyK7m184B_j1SmzqEI-lwr5wIOh3AQOLeCEY,844
jmeter245,eyJhbGciOiJIUzI1NiJ9.eyJzdWIiOiIyNDUiLCJ1c2VybmFtZSI6ImptZXRlcjI0NSIsImlhdCI6MTc4NjU0MTQzMywiZXhwIjoxNzg2NjI3ODMzfQ.ONZzEM09H-qH8cWFKrXOnEPgLswJoBDzZ2rHiciNz3c,845
jmeter246,eyJhbGciOiJIUzI1NiJ9.eyJzdWIiOiIyNDYiLCJ1c2VybmFtZSI6ImptZXRlcjI0NiIsImlhdCI6MTc4NjU0MTQzNCwiZXhwIjoxNzg2NjI3ODM0fQ.6kWBUTIj3i5J3yulHRtCZLOgcaqh71O2WNJy7ZB0fC8,846
jmeter247,eyJhbGciOiJIUzI1NiJ9.eyJzdWIiOiIyNDciLCJ1c2VybmFtZSI6ImptZXRlcjI0NyIsImlhdCI6MTc4NjU0MTQzNCwiZXhwIjoxNzg2NjI3ODM0fQ.U2nGCggFD86OF_mG7icm2UhT88T2q0Ol-MK2MfH7QDM,847
jmeter248,eyJhbGciOiJIUzI1NiJ9.eyJzdWIiOiIyNDgiLCJ1c2VybmFtZSI6ImptZXRlcjI0OCIsImlhdCI6MTc4NjU0MTQzNCwiZXhwIjoxNzg2NjI3ODM0fQ.HqIQa8GYt-a3TBe64otQOOGQ_MwwkKME-7jp-B8fWRw,848
jmeter249,eyJhbGciOiJIUzI1NiJ9.eyJzdWIiOiIyNDkiLCJ1c2VybmFtZSI6ImptZXRlcjI0OSIsImlhdCI6MTc4NjU0MTQzNCwiZXhwIjoxNzg2NjI3ODM0fQ.OgUzzlQQKGcezqipAotJtL09cqu7Lt_8o8VmQ9miZGQ,849
jmeter250,eyJhbGciOiJIUzI1NiJ9.eyJzdWIiOiIyNTAiLCJ1c2VybmFtZSI6ImptZXRlcjI1MCIsImlhdCI6MTc4NjU0MTQzNCwiZXhwIjoxNzg2NjI3ODM0fQ.KeiEarOsBlDdYbtFOO3aH2RLm77wGZAG3unScCav2PU,850
jmeter251,eyJhbGciOiJIUzI1NiJ9.eyJzdWIiOiIyNTEiLCJ1c2VybmFtZSI6ImptZXRlcjI1MSIsImlhdCI6MTc4NjU0MTQzNCwiZXhwIjoxNzg2NjI3ODM0fQ.tIDePoRtdrPKfvunyLO4zTWPR9muVTl1Plw0_J5nQOU,851
jmeter252,eyJhbGciOiJIUzI1NiJ9.eyJzdWIiOiIyNTIiLCJ1c2VybmFtZSI6ImptZXRlcjI1MiIsImlhdCI6MTc4NjU0MTQzNSwiZXhwIjoxNzg2NjI3ODM1fQ.3_NWfPpj4CVLkR0cLoGlc19SMgkHdjh9rW8Zw15LzZg,852
jmeter253,eyJhbGciOiJIUzI1NiJ9.eyJzdWIiOiIyNTMiLCJ1c2VybmFtZSI6ImptZXRlcjI1MyIsImlhdCI6MTc4NjU0MTQzNSwiZXhwIjoxNzg2NjI3ODM1fQ.S5hEr2gdXIJY0oD9UzkR4IHp-EhZbjZmzU-3sN__0qU,853
jmeter254,eyJhbGciOiJIUzI1NiJ9.eyJzdWIiOiIyNTQiLCJ1c2VybmFtZSI6ImptZXRlcjI1NCIsImlhdCI6MTc4NjU0MTQzNSwiZXhwIjoxNzg2NjI3ODM1fQ.9tw-h8JMB7yzspeKPBY-NJrjm2MSZK8BWT2IK1bWMFM,854
jmeter255,eyJhbGciOiJIUzI1NiJ9.eyJzdWIiOiIyNTUiLCJ1c2VybmFtZSI6ImptZXRlcjI1NSIsImlhdCI6MTc4NjU0MTQzNSwiZXhwIjoxNzg2NjI3ODM1fQ.XYZLsp6Dn5qRXtDoGTz4YOXUT76y_Z67g8ssv2ThIp8,855
jmeter256,eyJhbGciOiJIUzI1NiJ9.eyJzdWIiOiIyNTYiLCJ1c2VybmFtZSI6ImptZXRlcjI1NiIsImlhdCI6MTc4NjU0MTQzNSwiZXhwIjoxNzg2NjI3ODM1fQ.3KuaaCYVbOznt5DlFJfaKfSNT8sal240TXOpqzS9bWw,856
jmeter257,eyJhbGciOiJIUzI1NiJ9.eyJzdWIiOiIyNTciLCJ1c2VybmFtZSI6ImptZXRlcjI1NyIsImlhdCI6MTc4NjU0MTQzNSwiZXhwIjoxNzg2NjI3ODM1fQ.nqysloWvhJ_0_dWYIjs9IofZICAF8qHdQvPs8_Tfz6M,857
jmeter258,eyJhbGciOiJIUzI1NiJ9.eyJzdWIiOiIyNTgiLCJ1c2VybmFtZSI6ImptZXRlcjI1OCIsImlhdCI6MTc4NjU0MTQzNiwiZXhwIjoxNzg2NjI3ODM2fQ.wPvKRv82DfFDK0QuyoWKpoKjHuQDDpr89TfiMZ0P82Y,858
jmeter259,eyJhbGciOiJIUzI1NiJ9.eyJzdWIiOiIyNTkiLCJ1c2VybmFtZSI6ImptZXRlcjI1OSIsImlhdCI6MTc4NjU0MTQzNiwiZXhwIjoxNzg2NjI3ODM2fQ._cRmm74GTMngIrtC9MOapmc6p6hrmWGWFUe5d2ubrCk,859
jmeter260,eyJhbGciOiJIUzI1NiJ9.eyJzdWIiOiIyNjAiLCJ1c2VybmFtZSI6ImptZXRlcjI2MCIsImlhdCI6MTc4NjU0MTQzNiwiZXhwIjoxNzg2NjI3ODM2fQ.Jp-pbLW1ZIJgGs5ZQ3Pl8LocUhoPcmclg93-MZ3rmpo,860
jmeter261,eyJhbGciOiJIUzI1NiJ9.eyJzdWIiOiIyNjEiLCJ1c2VybmFtZSI6ImptZXRlcjI2MSIsImlhdCI6MTc4NjU0MTQzNiwiZXhwIjoxNzg2NjI3ODM2fQ.qwZ19myzoHVFWjP6N6h50mLZLfoX9-_CBYkaNJ5FBT4,861
jmeter262,eyJhbGciOiJIUzI1NiJ9.eyJzdWIiOiIyNjIiLCJ1c2VybmFtZSI6ImptZXRlcjI2MiIsImlhdCI6MTc4NjU0MTQzNiwiZXhwIjoxNzg2NjI3ODM2fQ.dRLD54BS4UNjIor4MZR-8Ax-3_jWI6nVZs8J2CQsZWE,862
jmeter263,eyJhbGciOiJIUzI1NiJ9.eyJzdWIiOiIyNjMiLCJ1c2VybmFtZSI6ImptZXRlcjI2MyIsImlhdCI6MTc4NjU0MTQzNiwiZXhwIjoxNzg2NjI3ODM2fQ.7U1nwk_6mVPIUw6Ln4W0jFxaM-uAmtMhCT15f9okV5M,863
jmeter264,eyJhbGciOiJIUzI1NiJ9.eyJzdWIiOiIyNjQiLCJ1c2VybmFtZSI6ImptZXRlcjI2NCIsImlhdCI6MTc4NjU0MTQzNywiZXhwIjoxNzg2NjI3ODM3fQ.R1Zg5JARVdEt0hOg6l6A6po3WT5rlpjTIWPeA5u9u60,864
jmeter265,eyJhbGciOiJIUzI1NiJ9.eyJzdWIiOiIyNjUiLCJ1c2VybmFtZSI6ImptZXRlcjI2NSIsImlhdCI6MTc4NjU0MTQzNywiZXhwIjoxNzg2NjI3ODM3fQ.EpK1Do3qJbCe-uRqI7dVjTid3NSG6fxYdr9VynGdW1A,865
jmeter266,eyJhbGciOiJIUzI1NiJ9.eyJzdWIiOiIyNjYiLCJ1c2VybmFtZSI6ImptZXRlcjI2NiIsImlhdCI6MTc4NjU0MTQzNywiZXhwIjoxNzg2NjI3ODM3fQ.peprx-0ckBayFNKNVhkscHdKaSw8hBjSIKrrwdZi-7s,866
jmeter267,eyJhbGciOiJIUzI1NiJ9.eyJzdWIiOiIyNjciLCJ1c2VybmFtZSI6ImptZXRlcjI2NyIsImlhdCI6MTc4NjU0MTQzNywiZXhwIjoxNzg2NjI3ODM3fQ.tUeCrEnCqJjQZci9MglEgPBuIxgDXqqDq7LlX3Z0oZM,867
jmeter268,eyJhbGciOiJIUzI1NiJ9.eyJzdWIiOiIyNjgiLCJ1c2VybmFtZSI6ImptZXRlcjI2OCIsImlhdCI6MTc4NjU0MTQzNywiZXhwIjoxNzg2NjI3ODM3fQ.4yVEWH9aC-LOb4SFh1-yLqX6XY0RDw6C1Wq7dv9vdbk,868
jmeter269,eyJhbGciOiJIUzI1NiJ9.eyJzdWIiOiIyNjkiLCJ1c2VybmFtZSI6ImptZXRlcjI2OSIsImlhdCI6MTc4NjU0MTQzNywiZXhwIjoxNzg2NjI3ODM3fQ.oKurXVhgWx1Xq-WeFBTNFTiehpLQWe2Ym1cVKE1c6Nk,869
jmeter270,eyJhbGciOiJIUzI1NiJ9.eyJzdWIiOiIyNzAiLCJ1c2VybmFtZSI6ImptZXRlcjI3MCIsImlhdCI6MTc4NjU0MTQzNywiZXhwIjoxNzg2NjI3ODM3fQ.05c7ZJN5IlRno4YEDnfYMn7GlB1huowgXkBdQn4RdgM,870
jmeter271,eyJhbGciOiJIUzI1NiJ9.eyJzdWIiOiIyNzEiLCJ1c2VybmFtZSI6ImptZXRlcjI3MSIsImlhdCI6MTc4NjU0MTQzOCwiZXhwIjoxNzg2NjI3ODM4fQ._pufYjK7u3skmZk6aMemllGGjw20EXrMPDF_hxvMCjc,871
jmeter272,eyJhbGciOiJIUzI1NiJ9.eyJzdWIiOiIyNzIiLCJ1c2VybmFtZSI6ImptZXRlcjI3MiIsImlhdCI6MTc4NjU0MTQzOCwiZXhwIjoxNzg2NjI3ODM4fQ.VYZMkNgUnS_KGI89wMYHph36B8ZVVzB9lwdV2Ac8oSk,872
jmeter273,eyJhbGciOiJIUzI1NiJ9.eyJzdWIiOiIyNzMiLCJ1c2VybmFtZSI6ImptZXRlcjI3MyIsImlhdCI6MTc4NjU0MTQzOCwiZXhwIjoxNzg2NjI3ODM4fQ.5A8EdC1PU81-75TkIVnksbd9qHF-URa7We2gD8P4o2Y,873
jmeter274,eyJhbGciOiJIUzI1NiJ9.eyJzdWIiOiIyNzQiLCJ1c2VybmFtZSI6ImptZXRlcjI3NCIsImlhdCI6MTc4NjU0MTQzOCwiZXhwIjoxNzg2NjI3ODM4fQ.sMKoTZ-TBjPxvWk7zDvGeBAxYzlPwSqULF0LTeaY638,874
jmeter275,eyJhbGciOiJIUzI1NiJ9.eyJzdWIiOiIyNzUiLCJ1c2VybmFtZSI6ImptZXRlcjI3NSIsImlhdCI6MTc4NjU0MTQzOCwiZXhwIjoxNzg2NjI3ODM4fQ.jaQRYSde4n_hP7a7yZV_Mmy0cpxZ3Ep97_MWydQx3sY,875
jmeter276,eyJhbGciOiJIUzI1NiJ9.eyJzdWIiOiIyNzYiLCJ1c2VybmFtZSI6ImptZXRlcjI3NiIsImlhdCI6MTc4NjU0MTQzOCwiZXhwIjoxNzg2NjI3ODM4fQ.e2ppFZDRQxEoHPBLxgFMYSqdYzsGYhPwTaebmljfFPQ,876
jmeter277,eyJhbGciOiJIUzI1NiJ9.eyJzdWIiOiIyNzciLCJ1c2VybmFtZSI6ImptZXRlcjI3NyIsImlhdCI6MTc4NjU0MTQzOCwiZXhwIjoxNzg2NjI3ODM4fQ.ZQPg6G_cZpochxif6L2q58kp9KJ5lL6O0KNAA6HHbuA,877
jmeter278,eyJhbGciOiJIUzI1NiJ9.eyJzdWIiOiIyNzgiLCJ1c2VybmFtZSI6ImptZXRlcjI3OCIsImlhdCI6MTc4NjU0MTQzOSwiZXhwIjoxNzg2NjI3ODM5fQ.v0C4IA05HB6UEpZVjKJhd5vRwv5FbjoXD5t9L1rdh-4,878
jmeter279,eyJhbGciOiJIUzI1NiJ9.eyJzdWIiOiIyNzkiLCJ1c2VybmFtZSI6ImptZXRlcjI3OSIsImlhdCI6MTc4NjU0MTQzOSwiZXhwIjoxNzg2NjI3ODM5fQ.Q00yb0pUaKt8vEhwwWn1f43SoOPI0lbFaIUfnRXuXLo,879
jmeter280,eyJhbGciOiJIUzI1NiJ9.eyJzdWIiOiIyODAiLCJ1c2VybmFtZSI6ImptZXRlcjI4MCIsImlhdCI6MTc4NjU0MTQzOSwiZXhwIjoxNzg2NjI3ODM5fQ.uIOEmCTLLsM97QyHnkCgpHzS3QY8zsKoJS2S5QymmjQ,880
jmeter281,eyJhbGciOiJIUzI1NiJ9.eyJzdWIiOiIyODEiLCJ1c2VybmFtZSI6ImptZXRlcjI4MSIsImlhdCI6MTc4NjU0MTQzOSwiZXhwIjoxNzg2NjI3ODM5fQ.bmZc18zA8Xy6yOowZZzINWsjTstCwK3xZDhIKyPFcrA,881
jmeter282,eyJhbGciOiJIUzI1NiJ9.eyJzdWIiOiIyODIiLCJ1c2VybmFtZSI6ImptZXRlcjI4MiIsImlhdCI6MTc4NjU0MTQzOSwiZXhwIjoxNzg2NjI3ODM5fQ.30uI8U6jCG1mugJFubrfB5ZddZe67CsCTzwVQY01x_w,882
jmeter283,eyJhbGciOiJIUzI1NiJ9.eyJzdWIiOiIyODMiLCJ1c2VybmFtZSI6ImptZXRlcjI4MyIsImlhdCI6MTc4NjU0MTQzOSwiZXhwIjoxNzg2NjI3ODM5fQ.hghPytsfV-NDNiyS1Z0z4iGMDy7fAoqnO26j363jStA,883
jmeter284,eyJhbGciOiJIUzI1NiJ9.eyJzdWIiOiIyODQiLCJ1c2VybmFtZSI6ImptZXRlcjI4NCIsImlhdCI6MTc4NjU0MTQ0MCwiZXhwIjoxNzg2NjI3ODQwfQ.ChKKUDn_aWoJ0M6xgYMufaiHVU3rIOFED-jPkbGZgNU,884
jmeter285,eyJhbGciOiJIUzI1NiJ9.eyJzdWIiOiIyODUiLCJ1c2VybmFtZSI6ImptZXRlcjI4NSIsImlhdCI6MTc4NjU0MTQ0MCwiZXhwIjoxNzg2NjI3ODQwfQ.fVJDgS9G_MGMp8CM3YQqabfojxMes8ePrSMoxjWATWY,885
jmeter286,eyJhbGciOiJIUzI1NiJ9.eyJzdWIiOiIyODYiLCJ1c2VybmFtZSI6ImptZXRlcjI4NiIsImlhdCI6MTc4NjU0MTQ0MCwiZXhwIjoxNzg2NjI3ODQwfQ.zGGQjhzr7WPGyG-eshIzE1ucN0Lowjj5HDU1h9Gcw78,886
jmeter287,eyJhbGciOiJIUzI1NiJ9.eyJzdWIiOiIyODciLCJ1c2VybmFtZSI6ImptZXRlcjI4NyIsImlhdCI6MTc4NjU0MTQ0MCwiZXhwIjoxNzg2NjI3ODQwfQ.CCB1we7R9DoEvGKIdZe0vooP7rUUv5wN07EyY42O6Js,887
jmeter288,eyJhbGciOiJIUzI1NiJ9.eyJzdWIiOiIyODgiLCJ1c2VybmFtZSI6ImptZXRlcjI4OCIsImlhdCI6MTc4NjU0MTQ0MCwiZXhwIjoxNzg2NjI3ODQwfQ.J4-p9mff04-RNJw4m0AAlhywz6d1h5qUfyEsTcClCYU,888
jmeter289,eyJhbGciOiJIUzI1NiJ9.eyJzdWIiOiIyODkiLCJ1c2VybmFtZSI6ImptZXRlcjI4OSIsImlhdCI6MTc4NjU0MTQ0MCwiZXhwIjoxNzg2NjI3ODQwfQ._wd94X0l_yUx0NJX_FXDeqE6DBIJfMQa8-KBozUe9M4,889
jmeter290,eyJhbGciOiJIUzI1NiJ9.eyJzdWIiOiIyOTAiLCJ1c2VybmFtZSI6ImptZXRlcjI5MCIsImlhdCI6MTc4NjU0MTQ0MCwiZXhwIjoxNzg2NjI3ODQwfQ.hwzzyC4l51IHOQ9SbTVhpwgV_LYaXkIYQiO20uX0l_E,890
jmeter291,eyJhbGciOiJIUzI1NiJ9.eyJzdWIiOiIyOTEiLCJ1c2VybmFtZSI6ImptZXRlcjI5MSIsImlhdCI6MTc4NjU0MTQ0MSwiZXhwIjoxNzg2NjI3ODQxfQ.fTXeAjBne4cQimJNeRgdGLvTIzYO6bZ0ow-psFOnjos,891
jmeter292,eyJhbGciOiJIUzI1NiJ9.eyJzdWIiOiIyOTIiLCJ1c2VybmFtZSI6ImptZXRlcjI5MiIsImlhdCI6MTc4NjU0MTQ0MSwiZXhwIjoxNzg2NjI3ODQxfQ.iF08AKOMEmXqk_3WaZrHaR2XoJWPUKA12zWa_dZSZ8Y,892
jmeter293,eyJhbGciOiJIUzI1NiJ9.eyJzdWIiOiIyOTMiLCJ1c2VybmFtZSI6ImptZXRlcjI5MyIsImlhdCI6MTc4NjU0MTQ0MSwiZXhwIjoxNzg2NjI3ODQxfQ.WCXL0sxWeQoYpKIwN213uI5cH16-nh-bSDTA8hR_VX8,893
jmeter294,eyJhbGciOiJIUzI1NiJ9.eyJzdWIiOiIyOTQiLCJ1c2VybmFtZSI6ImptZXRlcjI5NCIsImlhdCI6MTc4NjU0MTQ0MSwiZXhwIjoxNzg2NjI3ODQxfQ.Sb4uJR9YqiXnsV4RQpTDFop2qA8TWlXGcZ0Ql3IgtZA,894
jmeter295,eyJhbGciOiJIUzI1NiJ9.eyJzdWIiOiIyOTUiLCJ1c2VybmFtZSI6ImptZXRlcjI5NSIsImlhdCI6MTc4NjU0MTQ0MSwiZXhwIjoxNzg2NjI3ODQxfQ.TPivRCkG_WNOEFsFs7ik-CL0FG3wykN1uq_UHWZzlQM,895
jmeter296,eyJhbGciOiJIUzI1NiJ9.eyJzdWIiOiIyOTYiLCJ1c2VybmFtZSI6ImptZXRlcjI5NiIsImlhdCI6MTc4NjU0MTQ0MSwiZXhwIjoxNzg2NjI3ODQxfQ.SSuQWlQf6zpfSrJh1RWqvYQuNs4cPlPfx_31IyyD1OI,896
jmeter297,eyJhbGciOiJIUzI1NiJ9.eyJzdWIiOiIyOTciLCJ1c2VybmFtZSI6ImptZXRlcjI5NyIsImlhdCI6MTc4NjU0MTQ0MiwiZXhwIjoxNzg2NjI3ODQyfQ.KIDypJNP7BrlSfrghtYdY4pQ0fFuBSvasURM2_jEWLM,897
jmeter298,eyJhbGciOiJIUzI1NiJ9.eyJzdWIiOiIyOTgiLCJ1c2VybmFtZSI6ImptZXRlcjI5OCIsImlhdCI6MTc4NjU0MTQ0MiwiZXhwIjoxNzg2NjI3ODQyfQ.4ZSroGrIlXagDtzov9l1TK4z6pLBBleE1O6UH6JAi1s,898
jmeter299,eyJhbGciOiJIUzI1NiJ9.eyJzdWIiOiIyOTkiLCJ1c2VybmFtZSI6ImptZXRlcjI5OSIsImlhdCI6MTc4NjU0MTQ0MiwiZXhwIjoxNzg2NjI3ODQyfQ.KkIanOio_aj7-lqLsopVRvdgoCSj0k_R62lXh8poy4A,899
jmeter300,eyJhbGciOiJIUzI1NiJ9.eyJzdWIiOiIzMDAiLCJ1c2VybmFtZSI6ImptZXRlcjMwMCIsImlhdCI6MTc4NjU0MTQ0MiwiZXhwIjoxNzg2NjI3ODQyfQ.yxKCgRMfiP03lx11p7vLXxYh70lFpaSuKhztTKdzA-Q,900
jmeter301,eyJhbGciOiJIUzI1NiJ9.eyJzdWIiOiIzMDEiLCJ1c2VybmFtZSI6ImptZXRlcjMwMSIsImlhdCI6MTc4NjU0MTQ0MiwiZXhwIjoxNzg2NjI3ODQyfQ.KPjNwf1ZJ-POZMTMY5Mzezy51Rq919aLOcs0fIGOObk,901
jmeter302,eyJhbGciOiJIUzI1NiJ9.eyJzdWIiOiIzMDIiLCJ1c2VybmFtZSI6ImptZXRlcjMwMiIsImlhdCI6MTc4NjU0MTQ0MiwiZXhwIjoxNzg2NjI3ODQyfQ.zu3hO1UQJLtmEiRR9VU3t7eQ7zvqJ92FbscM0z_CowQ,902
jmeter303,eyJhbGciOiJIUzI1NiJ9.eyJzdWIiOiIzMDMiLCJ1c2VybmFtZSI6ImptZXRlcjMwMyIsImlhdCI6MTc4NjU0MTQ0MywiZXhwIjoxNzg2NjI3ODQzfQ.lzbWJHsYn_jW8IlHhGbV78ppMv4P4lORGCQ5p3po5iw,903
jmeter304,eyJhbGciOiJIUzI1NiJ9.eyJzdWIiOiIzMDQiLCJ1c2VybmFtZSI6ImptZXRlcjMwNCIsImlhdCI6MTc4NjU0MTQ0MywiZXhwIjoxNzg2NjI3ODQzfQ.IdDk3O2jQFRnqGIVtPlS4mmEec9aAXE-heMKY3w32e4,904
jmeter305,eyJhbGciOiJIUzI1NiJ9.eyJzdWIiOiIzMDUiLCJ1c2VybmFtZSI6ImptZXRlcjMwNSIsImlhdCI6MTc4NjU0MTQ0MywiZXhwIjoxNzg2NjI3ODQzfQ.YHQJRdFLaRAEXqSB6gJSCP86-MHoO-vtHAsP7GoQxgA,905
jmeter306,eyJhbGciOiJIUzI1NiJ9.eyJzdWIiOiIzMDYiLCJ1c2VybmFtZSI6ImptZXRlcjMwNiIsImlhdCI6MTc4NjU0MTQ0MywiZXhwIjoxNzg2NjI3ODQzfQ.A11deGhiyBi0HSUfR7q7uB-bYsG2qqAkKV304I033BQ,906
jmeter307,eyJhbGciOiJIUzI1NiJ9.eyJzdWIiOiIzMDciLCJ1c2VybmFtZSI6ImptZXRlcjMwNyIsImlhdCI6MTc4NjU0MTQ0MywiZXhwIjoxNzg2NjI3ODQzfQ.1kyUJPwP5sXxe7H-LQOEUPxW_qUQsMvwymXx4vvlVkA,907
jmeter308,eyJhbGciOiJIUzI1NiJ9.eyJzdWIiOiIzMDgiLCJ1c2VybmFtZSI6ImptZXRlcjMwOCIsImlhdCI6MTc4NjU0MTQ0MywiZXhwIjoxNzg2NjI3ODQzfQ.ozqBxQWCVzVXjMil6gFdQ15f2C_xBk7pD80xwO_wQ4Q,908
jmeter309,eyJhbGciOiJIUzI1NiJ9.eyJzdWIiOiIzMDkiLCJ1c2VybmFtZSI6ImptZXRlcjMwOSIsImlhdCI6MTc4NjU0MTQ0MywiZXhwIjoxNzg2NjI3ODQzfQ.xU54w9duXZ1psimi9lwxpOE9CepyQzWR6VMoXWE491Q,909
jmeter310,eyJhbGciOiJIUzI1NiJ9.eyJzdWIiOiIzMTAiLCJ1c2VybmFtZSI6ImptZXRlcjMxMCIsImlhdCI6MTc4NjU0MTQ0NCwiZXhwIjoxNzg2NjI3ODQ0fQ.FPT-s9BqjerBU--rjJMc2IUEbwr_QeTnFVtuZOfDNgo,910
jmeter311,eyJhbGciOiJIUzI1NiJ9.eyJzdWIiOiIzMTEiLCJ1c2VybmFtZSI6ImptZXRlcjMxMSIsImlhdCI6MTc4NjU0MTQ0NCwiZXhwIjoxNzg2NjI3ODQ0fQ.At8sO8PDfg5KM6HMmrsK3ChzmGlKfKRxE1Pvho5xM54,911
jmeter312,eyJhbGciOiJIUzI1NiJ9.eyJzdWIiOiIzMTIiLCJ1c2VybmFtZSI6ImptZXRlcjMxMiIsImlhdCI6MTc4NjU0MTQ0NCwiZXhwIjoxNzg2NjI3ODQ0fQ.Ev5fBi6QefzWaYeITo5DEA3PPt-0TZktOc6n3DFVGks,912
jmeter313,eyJhbGciOiJIUzI1NiJ9.eyJzdWIiOiIzMTMiLCJ1c2VybmFtZSI6ImptZXRlcjMxMyIsImlhdCI6MTc4NjU0MTQ0NCwiZXhwIjoxNzg2NjI3ODQ0fQ.4oa9_ebVcnsXQT0FuDEFJJyp_h3ry0M_SwdWWfHHiw8,913
jmeter314,eyJhbGciOiJIUzI1NiJ9.eyJzdWIiOiIzMTQiLCJ1c2VybmFtZSI6ImptZXRlcjMxNCIsImlhdCI6MTc4NjU0MTQ0NCwiZXhwIjoxNzg2NjI3ODQ0fQ.Jf-MxTXbHljq3scqv6iVI7OBAkH_Th6QY-akJBr0GIs,914
jmeter315,eyJhbGciOiJIUzI1NiJ9.eyJzdWIiOiIzMTUiLCJ1c2VybmFtZSI6ImptZXRlcjMxNSIsImlhdCI6MTc4NjU0MTQ0NCwiZXhwIjoxNzg2NjI3ODQ0fQ.UVV-DwlU8FyDtykjFlSlEBZTAKWa9lwbbMUJtWTIRMY,915
jmeter316,eyJhbGciOiJIUzI1NiJ9.eyJzdWIiOiIzMTYiLCJ1c2VybmFtZSI6ImptZXRlcjMxNiIsImlhdCI6MTc4NjU0MTQ0NSwiZXhwIjoxNzg2NjI3ODQ1fQ.JfpiFMhOeKsnjSGsO9Zfbs1jzSzkVObX0Eu6cDlw8kM,916
jmeter317,eyJhbGciOiJIUzI1NiJ9.eyJzdWIiOiIzMTciLCJ1c2VybmFtZSI6ImptZXRlcjMxNyIsImlhdCI6MTc4NjU0MTQ0NSwiZXhwIjoxNzg2NjI3ODQ1fQ.6EpD4deO2X1_iuyCVwKYHI5cTtpO4tY_8Kym9YKEFEY,917
jmeter318,eyJhbGciOiJIUzI1NiJ9.eyJzdWIiOiIzMTgiLCJ1c2VybmFtZSI6ImptZXRlcjMxOCIsImlhdCI6MTc4NjU0MTQ0NSwiZXhwIjoxNzg2NjI3ODQ1fQ.J0gaIDDHUDWYLndzYeobXzAVTQu2o_ovuDFkSMQ5fNc,918
jmeter319,eyJhbGciOiJIUzI1NiJ9.eyJzdWIiOiIzMTkiLCJ1c2VybmFtZSI6ImptZXRlcjMxOSIsImlhdCI6MTc4NjU0MTQ0NSwiZXhwIjoxNzg2NjI3ODQ1fQ.LghCaamNN4ry31LT93yqUYQYv7sh6Y4vrASU86L9ptk,919
jmeter320,eyJhbGciOiJIUzI1NiJ9.eyJzdWIiOiIzMjAiLCJ1c2VybmFtZSI6ImptZXRlcjMyMCIsImlhdCI6MTc4NjU0MTQ0NSwiZXhwIjoxNzg2NjI3ODQ1fQ.E82YtJIuHhTGGvXhu0kYBg449P8nZHflmn47gQpqBdE,920
jmeter321,eyJhbGciOiJIUzI1NiJ9.eyJzdWIiOiIzMjEiLCJ1c2VybmFtZSI6ImptZXRlcjMyMSIsImlhdCI6MTc4NjU0MTQ0NSwiZXhwIjoxNzg2NjI3ODQ1fQ.b8B6coaTwbp6CuKV33RFHOxboskXrUTpgy8cOocsZvc,921
jmeter322,eyJhbGciOiJIUzI1NiJ9.eyJzdWIiOiIzMjIiLCJ1c2VybmFtZSI6ImptZXRlcjMyMiIsImlhdCI6MTc4NjU0MTQ0NiwiZXhwIjoxNzg2NjI3ODQ2fQ.ITbv3jbTMxMw0WSuynC5kIy3lEK8J0vBDKM3fYk69mA,922
jmeter323,eyJhbGciOiJIUzI1NiJ9.eyJzdWIiOiIzMjMiLCJ1c2VybmFtZSI6ImptZXRlcjMyMyIsImlhdCI6MTc4NjU0MTQ0NiwiZXhwIjoxNzg2NjI3ODQ2fQ.-qQc0dxkniBOAjgwUv7ZlhZ0kx4MsdhwD6SzTCUkRsM,923
jmeter324,eyJhbGciOiJIUzI1NiJ9.eyJzdWIiOiIzMjQiLCJ1c2VybmFtZSI6ImptZXRlcjMyNCIsImlhdCI6MTc4NjU0MTQ0NiwiZXhwIjoxNzg2NjI3ODQ2fQ.eKtWno_mGR00NsAId8023Y70h5LnsznVXxj3ht5IX0o,924
jmeter325,eyJhbGciOiJIUzI1NiJ9.eyJzdWIiOiIzMjUiLCJ1c2VybmFtZSI6ImptZXRlcjMyNSIsImlhdCI6MTc4NjU0MTQ0NiwiZXhwIjoxNzg2NjI3ODQ2fQ.mcYwe5bULj8hpm_qTZ7zzF92gP7wnKWoKj4TUHo6C-g,925
jmeter326,eyJhbGciOiJIUzI1NiJ9.eyJzdWIiOiIzMjYiLCJ1c2VybmFtZSI6ImptZXRlcjMyNiIsImlhdCI6MTc4NjU0MTQ0NiwiZXhwIjoxNzg2NjI3ODQ2fQ.ArT1UdGjHGYoK2vcI9dDEGEoAQVVeVaB71y2l2P3okw,926
jmeter327,eyJhbGciOiJIUzI1NiJ9.eyJzdWIiOiIzMjciLCJ1c2VybmFtZSI6ImptZXRlcjMyNyIsImlhdCI6MTc4NjU0MTQ0NiwiZXhwIjoxNzg2NjI3ODQ2fQ.WXo80T-EPSGXMe42AEuPE6mIC7IvRl7gXxXAkB0pfcU,927
jmeter328,eyJhbGciOiJIUzI1NiJ9.eyJzdWIiOiIzMjgiLCJ1c2VybmFtZSI6ImptZXRlcjMyOCIsImlhdCI6MTc4NjU0MTQ0NywiZXhwIjoxNzg2NjI3ODQ3fQ.mP__YRCfgvBYiEvPOeVAISnWakKjEZ42bJO7XOKdJ6I,928
jmeter329,eyJhbGciOiJIUzI1NiJ9.eyJzdWIiOiIzMjkiLCJ1c2VybmFtZSI6ImptZXRlcjMyOSIsImlhdCI6MTc4NjU0MTQ0NywiZXhwIjoxNzg2NjI3ODQ3fQ.LDedA0XCuRvetXDcydt4oVZdxlowEMInyz-Vv_FqrbU,929
jmeter330,eyJhbGciOiJIUzI1NiJ9.eyJzdWIiOiIzMzAiLCJ1c2VybmFtZSI6ImptZXRlcjMzMCIsImlhdCI6MTc4NjU0MTQ0NywiZXhwIjoxNzg2NjI3ODQ3fQ.GYY9DTUFm6kesExDEQNh35lcfKhTTAgt19RM8JrsXjQ,930
jmeter331,eyJhbGciOiJIUzI1NiJ9.eyJzdWIiOiIzMzEiLCJ1c2VybmFtZSI6ImptZXRlcjMzMSIsImlhdCI6MTc4NjU0MTQ0NywiZXhwIjoxNzg2NjI3ODQ3fQ.Srje2e1H4hwlf65u9B4SZen97iJzNjtx1KYKt737yls,931
jmeter332,eyJhbGciOiJIUzI1NiJ9.eyJzdWIiOiIzMzIiLCJ1c2VybmFtZSI6ImptZXRlcjMzMiIsImlhdCI6MTc4NjU0MTQ0NywiZXhwIjoxNzg2NjI3ODQ3fQ.Hf6xrPeXT4Jf1zL0DcZejIM9iR6hSAMCP-tRSAVYIic,932
jmeter333,eyJhbGciOiJIUzI1NiJ9.eyJzdWIiOiIzMzMiLCJ1c2VybmFtZSI6ImptZXRlcjMzMyIsImlhdCI6MTc4NjU0MTQ0NywiZXhwIjoxNzg2NjI3ODQ3fQ.rW3kwg-Teq5be3oFhKHek1IHHQGULg_efskm9jY6-e4,933
jmeter334,eyJhbGciOiJIUzI1NiJ9.eyJzdWIiOiIzMzQiLCJ1c2VybmFtZSI6ImptZXRlcjMzNCIsImlhdCI6MTc4NjU0MTQ0OCwiZXhwIjoxNzg2NjI3ODQ4fQ.iVT-gWBRvDzT_5oTeeLvGN3BfT3zjmiLMLRYv5QWtho,934
jmeter335,eyJhbGciOiJIUzI1NiJ9.eyJzdWIiOiIzMzUiLCJ1c2VybmFtZSI6ImptZXRlcjMzNSIsImlhdCI6MTc4NjU0MTQ0OCwiZXhwIjoxNzg2NjI3ODQ4fQ.sAXHI7bdkbk3H4cyGo4XaYSK21ZDC00r06i0lIL0Rrk,935
jmeter336,eyJhbGciOiJIUzI1NiJ9.eyJzdWIiOiIzMzYiLCJ1c2VybmFtZSI6ImptZXRlcjMzNiIsImlhdCI6MTc4NjU0MTQ0OCwiZXhwIjoxNzg2NjI3ODQ4fQ.guty1Dbu6GPOH1rjZu9gpAFgr6BOcQVaqRl3Uv9tKZ0,936
jmeter337,eyJhbGciOiJIUzI1NiJ9.eyJzdWIiOiIzMzciLCJ1c2VybmFtZSI6ImptZXRlcjMzNyIsImlhdCI6MTc4NjU0MTQ0OCwiZXhwIjoxNzg2NjI3ODQ4fQ.MA0_q0jg_JyL0up2nU30jnoEfbNbpY2tR1roY_Wa-cQ,937
jmeter338,eyJhbGciOiJIUzI1NiJ9.eyJzdWIiOiIzMzgiLCJ1c2VybmFtZSI6ImptZXRlcjMzOCIsImlhdCI6MTc4NjU0MTQ0OCwiZXhwIjoxNzg2NjI3ODQ4fQ.fpULEJ1wemiAjRKMTZLeyfNc5k4o_TX3p9KSJOzlio0,938
jmeter339,eyJhbGciOiJIUzI1NiJ9.eyJzdWIiOiIzMzkiLCJ1c2VybmFtZSI6ImptZXRlcjMzOSIsImlhdCI6MTc4NjU0MTQ0OCwiZXhwIjoxNzg2NjI3ODQ4fQ.iANyR1Lcv2HUtZjrfwf7UnnJt7WTFvnPMLDZAsBvcT0,939
jmeter340,eyJhbGciOiJIUzI1NiJ9.eyJzdWIiOiIzNDAiLCJ1c2VybmFtZSI6ImptZXRlcjM0MCIsImlhdCI6MTc4NjU0MTQ0OSwiZXhwIjoxNzg2NjI3ODQ5fQ.aywMa4hdm2__Ujtb4kRYdGXZJ9TWIjoBYd2jAWQ1wnE,940
jmeter341,eyJhbGciOiJIUzI1NiJ9.eyJzdWIiOiIzNDEiLCJ1c2VybmFtZSI6ImptZXRlcjM0MSIsImlhdCI6MTc4NjU0MTQ0OSwiZXhwIjoxNzg2NjI3ODQ5fQ.usbfXLvMq6kyBIXR0fwp5sEOKUQe5wLuzsMo1ZfOsGM,941
jmeter342,eyJhbGciOiJIUzI1NiJ9.eyJzdWIiOiIzNDIiLCJ1c2VybmFtZSI6ImptZXRlcjM0MiIsImlhdCI6MTc4NjU0MTQ0OSwiZXhwIjoxNzg2NjI3ODQ5fQ.gwF8rJ3IYQax4afkjFQnDHLJyPDseBKWqYNvsh_UL_Y,942
jmeter343,eyJhbGciOiJIUzI1NiJ9.eyJzdWIiOiIzNDMiLCJ1c2VybmFtZSI6ImptZXRlcjM0MyIsImlhdCI6MTc4NjU0MTQ0OSwiZXhwIjoxNzg2NjI3ODQ5fQ.NZ2pA5u_OeK0vElPRn_2GtgXLiZ4sR1jbuGOiwFL-40,943
jmeter344,eyJhbGciOiJIUzI1NiJ9.eyJzdWIiOiIzNDQiLCJ1c2VybmFtZSI6ImptZXRlcjM0NCIsImlhdCI6MTc4NjU0MTQ0OSwiZXhwIjoxNzg2NjI3ODQ5fQ.pJ3vQco4bG9QBXhuhg5tFHT5CUv-PUjlJubUsl7QWxQ,944
jmeter345,eyJhbGciOiJIUzI1NiJ9.eyJzdWIiOiIzNDUiLCJ1c2VybmFtZSI6ImptZXRlcjM0NSIsImlhdCI6MTc4NjU0MTQ0OSwiZXhwIjoxNzg2NjI3ODQ5fQ.wWX2oHd9aoje5z8Cw5Ljzf0eDQKnOmFPyI4Ma4Cj1hk,945
jmeter346,eyJhbGciOiJIUzI1NiJ9.eyJzdWIiOiIzNDYiLCJ1c2VybmFtZSI6ImptZXRlcjM0NiIsImlhdCI6MTc4NjU0MTQ1MCwiZXhwIjoxNzg2NjI3ODUwfQ.iRlJ3588G0dyX2BUvgtR9aOiIuDSHmOVl-vvvbwtYWw,946
jmeter347,eyJhbGciOiJIUzI1NiJ9.eyJzdWIiOiIzNDciLCJ1c2VybmFtZSI6ImptZXRlcjM0NyIsImlhdCI6MTc4NjU0MTQ1MCwiZXhwIjoxNzg2NjI3ODUwfQ.-ttOVecMoQDCJjI-lALQ0iYjLJypeWAjukjCj6eOFfw,947
jmeter348,eyJhbGciOiJIUzI1NiJ9.eyJzdWIiOiIzNDgiLCJ1c2VybmFtZSI6ImptZXRlcjM0OCIsImlhdCI6MTc4NjU0MTQ1MCwiZXhwIjoxNzg2NjI3ODUwfQ.ExjEeqtumjyPrBkZJE1rajD0U2hDzHE50cxYQvYrGH4,948
jmeter349,eyJhbGciOiJIUzI1NiJ9.eyJzdWIiOiIzNDkiLCJ1c2VybmFtZSI6ImptZXRlcjM0OSIsImlhdCI6MTc4NjU0MTQ1MCwiZXhwIjoxNzg2NjI3ODUwfQ.FPdTQVZ66t8ejncegkUad7yNwh_7l5-ou3cGtySm7cs,949
jmeter350,eyJhbGciOiJIUzI1NiJ9.eyJzdWIiOiIzNTAiLCJ1c2VybmFtZSI6ImptZXRlcjM1MCIsImlhdCI6MTc4NjU0MTQ1MCwiZXhwIjoxNzg2NjI3ODUwfQ.iQ0Wez_5GwnVe32QWIctGn4C9qiwcaqOkhOfWbIlszg,950
jmeter351,eyJhbGciOiJIUzI1NiJ9.eyJzdWIiOiIzNTEiLCJ1c2VybmFtZSI6ImptZXRlcjM1MSIsImlhdCI6MTc4NjU0MTQ1MCwiZXhwIjoxNzg2NjI3ODUwfQ.vef4OLng1jM0BTzNPEi-BsqCHkqSlcLhDw0DRSxLtyY,951
jmeter352,eyJhbGciOiJIUzI1NiJ9.eyJzdWIiOiIzNTIiLCJ1c2VybmFtZSI6ImptZXRlcjM1MiIsImlhdCI6MTc4NjU0MTQ1MSwiZXhwIjoxNzg2NjI3ODUxfQ.6WThXlzINJV3m-Z3nT4eAIp-rhrASoVPfnmFb2tQX_s,952
jmeter353,eyJhbGciOiJIUzI1NiJ9.eyJzdWIiOiIzNTMiLCJ1c2VybmFtZSI6ImptZXRlcjM1MyIsImlhdCI6MTc4NjU0MTQ1MSwiZXhwIjoxNzg2NjI3ODUxfQ.OArJqJgzHjINGfM5qm9rhDcG5i1HMLYuTC__5mBcFZU,953
jmeter354,eyJhbGciOiJIUzI1NiJ9.eyJzdWIiOiIzNTQiLCJ1c2VybmFtZSI6ImptZXRlcjM1NCIsImlhdCI6MTc4NjU0MTQ1MSwiZXhwIjoxNzg2NjI3ODUxfQ.LzmKixuslpN2_AoYbi1uauBKtB9Wc4WfuEUA_CrxajI,954
jmeter355,eyJhbGciOiJIUzI1NiJ9.eyJzdWIiOiIzNTUiLCJ1c2VybmFtZSI6ImptZXRlcjM1NSIsImlhdCI6MTc4NjU0MTQ1MSwiZXhwIjoxNzg2NjI3ODUxfQ.Ph87z3ukKYxxLOMe2a8ibcpQB71iIADJvrTR4blCk5U,955
jmeter356,eyJhbGciOiJIUzI1NiJ9.eyJzdWIiOiIzNTYiLCJ1c2VybmFtZSI6ImptZXRlcjM1NiIsImlhdCI6MTc4NjU0MTQ1MSwiZXhwIjoxNzg2NjI3ODUxfQ.lWuVoaz6-J7WLpgoubUOOU7XTxO5Ni5Xwko97iV99Js,956
jmeter357,eyJhbGciOiJIUzI1NiJ9.eyJzdWIiOiIzNTciLCJ1c2VybmFtZSI6ImptZXRlcjM1NyIsImlhdCI6MTc4NjU0MTQ1MSwiZXhwIjoxNzg2NjI3ODUxfQ.-Zlvc3EjjadNnNd6NiMFuo1wthp6kSuOmcjav1pFQDI,957
jmeter358,eyJhbGciOiJIUzI1NiJ9.eyJzdWIiOiIzNTgiLCJ1c2VybmFtZSI6ImptZXRlcjM1OCIsImlhdCI6MTc4NjU0MTQ1MiwiZXhwIjoxNzg2NjI3ODUyfQ.2dKiJYOXH7rDv62rPGaGSMIU0rswpJdOufcHYbVXPKk,958
jmeter359,eyJhbGciOiJIUzI1NiJ9.eyJzdWIiOiIzNTkiLCJ1c2VybmFtZSI6ImptZXRlcjM1OSIsImlhdCI6MTc4NjU0MTQ1MiwiZXhwIjoxNzg2NjI3ODUyfQ.QrnXKpa06JsmZVra13FVoyNNKhiiLsyLfeDDZDN_fd8,959
jmeter360,eyJhbGciOiJIUzI1NiJ9.eyJzdWIiOiIzNjAiLCJ1c2VybmFtZSI6ImptZXRlcjM2MCIsImlhdCI6MTc4NjU0MTQ1MiwiZXhwIjoxNzg2NjI3ODUyfQ.a5PtJ4evq078xRhD74BGOxZW-TVVvy_ms9RAAo7iLgI,960
jmeter361,eyJhbGciOiJIUzI1NiJ9.eyJzdWIiOiIzNjEiLCJ1c2VybmFtZSI6ImptZXRlcjM2MSIsImlhdCI6MTc4NjU0MTQ1MiwiZXhwIjoxNzg2NjI3ODUyfQ.SGRvPats9LpNSXXt3mxqWgrFD3taJ-Ebx9ctKtKZpUs,961
jmeter362,eyJhbGciOiJIUzI1NiJ9.eyJzdWIiOiIzNjIiLCJ1c2VybmFtZSI6ImptZXRlcjM2MiIsImlhdCI6MTc4NjU0MTQ1MiwiZXhwIjoxNzg2NjI3ODUyfQ.FAYdJFs2Pb3Bq8QcG9u_Kqd0X5qsLn3Wiw30ZYxrk3I,962
jmeter363,eyJhbGciOiJIUzI1NiJ9.eyJzdWIiOiIzNjMiLCJ1c2VybmFtZSI6ImptZXRlcjM2MyIsImlhdCI6MTc4NjU0MTQ1MywiZXhwIjoxNzg2NjI3ODUzfQ.52gCCzGsgIhvGItpWXWKXwzCDEx8dvz_XUVnpQWvEqM,963
jmeter364,eyJhbGciOiJIUzI1NiJ9.eyJzdWIiOiIzNjQiLCJ1c2VybmFtZSI6ImptZXRlcjM2NCIsImlhdCI6MTc4NjU0MTQ1MywiZXhwIjoxNzg2NjI3ODUzfQ.Rtv_Rl1UDzeSJB9RLW8fv0Gh4n5sLwg4WaR3_373b5E,964
jmeter365,eyJhbGciOiJIUzI1NiJ9.eyJzdWIiOiIzNjUiLCJ1c2VybmFtZSI6ImptZXRlcjM2NSIsImlhdCI6MTc4NjU0MTQ1MywiZXhwIjoxNzg2NjI3ODUzfQ.GpPwjucqkDWRbTwpX8LOUUDLUrMtm7pwvAFVnVGs6YE,965
jmeter366,eyJhbGciOiJIUzI1NiJ9.eyJzdWIiOiIzNjYiLCJ1c2VybmFtZSI6ImptZXRlcjM2NiIsImlhdCI6MTc4NjU0MTQ1MywiZXhwIjoxNzg2NjI3ODUzfQ.AC8v3g-HB_nNFLoGodFCjiVl2gImjZ840hZblV1kTIs,966
jmeter367,eyJhbGciOiJIUzI1NiJ9.eyJzdWIiOiIzNjciLCJ1c2VybmFtZSI6ImptZXRlcjM2NyIsImlhdCI6MTc4NjU0MTQ1MywiZXhwIjoxNzg2NjI3ODUzfQ.6jcRvJhJvhJgd6gWlT_v_ZmfqcuuTgWHLBF25udAo98,967
jmeter368,eyJhbGciOiJIUzI1NiJ9.eyJzdWIiOiIzNjgiLCJ1c2VybmFtZSI6ImptZXRlcjM2OCIsImlhdCI6MTc4NjU0MTQ1MywiZXhwIjoxNzg2NjI3ODUzfQ.bcHoTud4_e2DHK6LYMG5SBvGqQd2VhSJyogt5_gURoo,968
jmeter369,eyJhbGciOiJIUzI1NiJ9.eyJzdWIiOiIzNjkiLCJ1c2VybmFtZSI6ImptZXRlcjM2OSIsImlhdCI6MTc4NjU0MTQ1MywiZXhwIjoxNzg2NjI3ODUzfQ.VJ0AKf8aNuzjWz24syEPLUIkrQlUTP0VYZ8nlsi9O7U,969
jmeter370,eyJhbGciOiJIUzI1NiJ9.eyJzdWIiOiIzNzAiLCJ1c2VybmFtZSI6ImptZXRlcjM3MCIsImlhdCI6MTc4NjU0MTQ1NCwiZXhwIjoxNzg2NjI3ODU0fQ.fJTTXkoe_oPeE9g_Lf3ETsptwpyEtJdkUCqqxGG9koc,970
jmeter371,eyJhbGciOiJIUzI1NiJ9.eyJzdWIiOiIzNzEiLCJ1c2VybmFtZSI6ImptZXRlcjM3MSIsImlhdCI6MTc4NjU0MTQ1NCwiZXhwIjoxNzg2NjI3ODU0fQ.mzeZlQymVolsOpI8h16aqjnlMVlsvGTU-hs1DzvN_p0,971
jmeter372,eyJhbGciOiJIUzI1NiJ9.eyJzdWIiOiIzNzIiLCJ1c2VybmFtZSI6ImptZXRlcjM3MiIsImlhdCI6MTc4NjU0MTQ1NCwiZXhwIjoxNzg2NjI3ODU0fQ.IhcK2FAU2-76hc3ASbTab7NBIyF_5oZZzDUAtOlGAvQ,972
jmeter373,eyJhbGciOiJIUzI1NiJ9.eyJzdWIiOiIzNzMiLCJ1c2VybmFtZSI6ImptZXRlcjM3MyIsImlhdCI6MTc4NjU0MTQ1NCwiZXhwIjoxNzg2NjI3ODU0fQ.fGXcgFm_1H8CXi5dZ2zU-on1NS1cx65AQeztxcYhTRc,973
jmeter374,eyJhbGciOiJIUzI1NiJ9.eyJzdWIiOiIzNzQiLCJ1c2VybmFtZSI6ImptZXRlcjM3NCIsImlhdCI6MTc4NjU0MTQ1NCwiZXhwIjoxNzg2NjI3ODU0fQ.uoIAGopwkqRxhNK9CmrNo3ElSwKNzj9Np8gbnZ7iSdc,974
jmeter375,eyJhbGciOiJIUzI1NiJ9.eyJzdWIiOiIzNzUiLCJ1c2VybmFtZSI6ImptZXRlcjM3NSIsImlhdCI6MTc4NjU0MTQ1NSwiZXhwIjoxNzg2NjI3ODU1fQ.npsgAWxK2G61GS6x6zoPaMP-HLrwbuxRQpMnNJeHcPU,975
jmeter376,eyJhbGciOiJIUzI1NiJ9.eyJzdWIiOiIzNzYiLCJ1c2VybmFtZSI6ImptZXRlcjM3NiIsImlhdCI6MTc4NjU0MTQ1NSwiZXhwIjoxNzg2NjI3ODU1fQ.SSv0OaRxu5t-nNN3vpx8rkmHFhlXxvdC0dS2njPVMWM,976
jmeter377,eyJhbGciOiJIUzI1NiJ9.eyJzdWIiOiIzNzciLCJ1c2VybmFtZSI6ImptZXRlcjM3NyIsImlhdCI6MTc4NjU0MTQ1NSwiZXhwIjoxNzg2NjI3ODU1fQ.9JuD1fJM3rKnPLqvpwX9gV5xISjW3atuxkn4Na3BSO0,977
jmeter378,eyJhbGciOiJIUzI1NiJ9.eyJzdWIiOiIzNzgiLCJ1c2VybmFtZSI6ImptZXRlcjM3OCIsImlhdCI6MTc4NjU0MTQ1NSwiZXhwIjoxNzg2NjI3ODU1fQ.dYjj4OqPtcbZX52RAEfx_DFWfhxqRs_U4rFft2qKlf0,978
jmeter379,eyJhbGciOiJIUzI1NiJ9.eyJzdWIiOiIzNzkiLCJ1c2VybmFtZSI6ImptZXRlcjM3OSIsImlhdCI6MTc4NjU0MTQ1NSwiZXhwIjoxNzg2NjI3ODU1fQ.6gHmfrVjTNWLN1N9oUvHXtjvL4sHYC1LZJjh5iJbkaM,979
jmeter380,eyJhbGciOiJIUzI1NiJ9.eyJzdWIiOiIzODAiLCJ1c2VybmFtZSI6ImptZXRlcjM4MCIsImlhdCI6MTc4NjU0MTQ1NSwiZXhwIjoxNzg2NjI3ODU1fQ.UrBHbDDWcA82M0fLsBEdO1iKZaIDFFA10uqBqIX4S0c,980
jmeter381,eyJhbGciOiJIUzI1NiJ9.eyJzdWIiOiIzODEiLCJ1c2VybmFtZSI6ImptZXRlcjM4MSIsImlhdCI6MTc4NjU0MTQ1NiwiZXhwIjoxNzg2NjI3ODU2fQ.hEFTJf05ewp8IYkshMM-KV3TL4pGmnOcDHG57YcnA1s,981
jmeter382,eyJhbGciOiJIUzI1NiJ9.eyJzdWIiOiIzODIiLCJ1c2VybmFtZSI6ImptZXRlcjM4MiIsImlhdCI6MTc4NjU0MTQ1NiwiZXhwIjoxNzg2NjI3ODU2fQ.tmLwkdcBTJ_GJ5X4KfHS4wPZwHoXBYG0umj_f6U-3iI,982
jmeter383,eyJhbGciOiJIUzI1NiJ9.eyJzdWIiOiIzODMiLCJ1c2VybmFtZSI6ImptZXRlcjM4MyIsImlhdCI6MTc4NjU0MTQ1NiwiZXhwIjoxNzg2NjI3ODU2fQ.xbc4zb-siJIhGMqQ3OZj2gef8Mrn9nguuAduObIhNUM,983
jmeter384,eyJhbGciOiJIUzI1NiJ9.eyJzdWIiOiIzODQiLCJ1c2VybmFtZSI6ImptZXRlcjM4NCIsImlhdCI6MTc4NjU0MTQ1NiwiZXhwIjoxNzg2NjI3ODU2fQ.RcXx56Uq8ZBdhJbm_nNDlYl5kR1CIvJXe_I-W7Us9zU,984
jmeter385,eyJhbGciOiJIUzI1NiJ9.eyJzdWIiOiIzODUiLCJ1c2VybmFtZSI6ImptZXRlcjM4NSIsImlhdCI6MTc4NjU0MTQ1NiwiZXhwIjoxNzg2NjI3ODU2fQ._BD8E16GKkVrMB0xzDfBqhnfZtCzN0cKQIB1t4vLo1g,985
jmeter386,eyJhbGciOiJIUzI1NiJ9.eyJzdWIiOiIzODYiLCJ1c2VybmFtZSI6ImptZXRlcjM4NiIsImlhdCI6MTc4NjU0MTQ1NiwiZXhwIjoxNzg2NjI3ODU2fQ.g8FJf5lGOTKNVOKqR6Kr2J_oeHITBXn3NvXzify_f4c,986
jmeter387,eyJhbGciOiJIUzI1NiJ9.eyJzdWIiOiIzODciLCJ1c2VybmFtZSI6ImptZXRlcjM4NyIsImlhdCI6MTc4NjU0MTQ1NywiZXhwIjoxNzg2NjI3ODU3fQ._fgGsLeo1jyD9qdemdESd1QQh6vHFI8q9u-_mBxbTHk,987
jmeter388,eyJhbGciOiJIUzI1NiJ9.eyJzdWIiOiIzODgiLCJ1c2VybmFtZSI6ImptZXRlcjM4OCIsImlhdCI6MTc4NjU0MTQ1NywiZXhwIjoxNzg2NjI3ODU3fQ.tKhOkJkVoKrbUmZ1Ja7f2lvynrYYmnJ2wMSSBCQ1kIU,988
jmeter389,eyJhbGciOiJIUzI1NiJ9.eyJzdWIiOiIzODkiLCJ1c2VybmFtZSI6ImptZXRlcjM4OSIsImlhdCI6MTc4NjU0MTQ1NywiZXhwIjoxNzg2NjI3ODU3fQ.kcr9dnTS1hKlySIq_6xSY32-ZINTJP_xi5k4FpJTj68,989
jmeter390,eyJhbGciOiJIUzI1NiJ9.eyJzdWIiOiIzOTAiLCJ1c2VybmFtZSI6ImptZXRlcjM5MCIsImlhdCI6MTc4NjU0MTQ1NywiZXhwIjoxNzg2NjI3ODU3fQ.ds4HGf8EwqYjS-m0s6EPT20x72MI2JL5OgAg6WSpYqE,990
jmeter391,eyJhbGciOiJIUzI1NiJ9.eyJzdWIiOiIzOTEiLCJ1c2VybmFtZSI6ImptZXRlcjM5MSIsImlhdCI6MTc4NjU0MTQ1NywiZXhwIjoxNzg2NjI3ODU3fQ.J29JPv-2YQ2zjXoSYlJ0v5LxBFzJwP9FgboOVW2QvJY,991
jmeter392,eyJhbGciOiJIUzI1NiJ9.eyJzdWIiOiIzOTIiLCJ1c2VybmFtZSI6ImptZXRlcjM5MiIsImlhdCI6MTc4NjU0MTQ1NywiZXhwIjoxNzg2NjI3ODU3fQ.EE45vY1w2ehD1mfjGR8OSrB9x4mvvQGt5Horc7WPsX4,992
jmeter393,eyJhbGciOiJIUzI1NiJ9.eyJzdWIiOiIzOTMiLCJ1c2VybmFtZSI6ImptZXRlcjM5MyIsImlhdCI6MTc4NjU0MTQ1OCwiZXhwIjoxNzg2NjI3ODU4fQ.hl8psCenFxNwxe355gVAkXF66ktucb4mH0qx2zQonY8,993
jmeter394,eyJhbGciOiJIUzI1NiJ9.eyJzdWIiOiIzOTQiLCJ1c2VybmFtZSI6ImptZXRlcjM5NCIsImlhdCI6MTc4NjU0MTQ1OCwiZXhwIjoxNzg2NjI3ODU4fQ.KBaR89_B4ZHtIsO2XTV18KdTDFKAcgrCqVlaCySKeHc,994
jmeter395,eyJhbGciOiJIUzI1NiJ9.eyJzdWIiOiIzOTUiLCJ1c2VybmFtZSI6ImptZXRlcjM5NSIsImlhdCI6MTc4NjU0MTQ1OCwiZXhwIjoxNzg2NjI3ODU4fQ.P2PQUC7OLcIWFSPkHZid7Ezq428opXMgYlTHzSwEGJQ,995
jmeter396,eyJhbGciOiJIUzI1NiJ9.eyJzdWIiOiIzOTYiLCJ1c2VybmFtZSI6ImptZXRlcjM5NiIsImlhdCI6MTc4NjU0MTQ1OCwiZXhwIjoxNzg2NjI3ODU4fQ.g93G_qkQl5Jj6apLSv4THIuAovPLeSvCgQkm_w72vNg,996
jmeter397,eyJhbGciOiJIUzI1NiJ9.eyJzdWIiOiIzOTciLCJ1c2VybmFtZSI6ImptZXRlcjM5NyIsImlhdCI6MTc4NjU0MTQ1OCwiZXhwIjoxNzg2NjI3ODU4fQ.PhAeGos_OG8zTrDGNMHcXyXr_bjxtC3HHPV-DVy4uK8,997
jmeter398,eyJhbGciOiJIUzI1NiJ9.eyJzdWIiOiIzOTgiLCJ1c2VybmFtZSI6ImptZXRlcjM5OCIsImlhdCI6MTc4NjU0MTQ1OCwiZXhwIjoxNzg2NjI3ODU4fQ.isAqN6NWSJxXgG_27_TKabJ3plq6yhJpxpTs-CTiUIw,998
jmeter399,eyJhbGciOiJIUzI1NiJ9.eyJzdWIiOiIzOTkiLCJ1c2VybmFtZSI6ImptZXRlcjM5OSIsImlhdCI6MTc4NjU0MTQ1OCwiZXhwIjoxNzg2NjI3ODU4fQ.WgPLZv_U6loB7OtnV0c8oJ8_0pWDqiWUTCgoB8ABUT8,999
jmeter400,eyJhbGciOiJIUzI1NiJ9.eyJzdWIiOiI0MDAiLCJ1c2VybmFtZSI6ImptZXRlcjQwMCIsImlhdCI6MTc4NjU0MTQ1OSwiZXhwIjoxNzg2NjI3ODU5fQ.HvWWaehDjKU7x_OZdkrNl9frlSaGYNdi-t6hu1AMawI,1000
jmeter401,eyJhbGciOiJIUzI1NiJ9.eyJzdWIiOiI0MDEiLCJ1c2VybmFtZSI6ImptZXRlcjQwMSIsImlhdCI6MTc4NjU0MTQ1OSwiZXhwIjoxNzg2NjI3ODU5fQ.b7sodwgur1rPAZsmKHweqJmslWqc-xaqZcT0FP4RCzc,1001
jmeter402,eyJhbGciOiJIUzI1NiJ9.eyJzdWIiOiI0MDIiLCJ1c2VybmFtZSI6ImptZXRlcjQwMiIsImlhdCI6MTc4NjU0MTQ1OSwiZXhwIjoxNzg2NjI3ODU5fQ.mxWlc0cnKJpJI9Mj8XpqZgO1LQ_6ngCifakLs6-7Dr8,1002
jmeter403,eyJhbGciOiJIUzI1NiJ9.eyJzdWIiOiI0MDMiLCJ1c2VybmFtZSI6ImptZXRlcjQwMyIsImlhdCI6MTc4NjU0MTQ1OSwiZXhwIjoxNzg2NjI3ODU5fQ.GuMyoj97UXMr-A_3nKVgtQZTscAMji_npRKx-GGBscU,1003
jmeter404,eyJhbGciOiJIUzI1NiJ9.eyJzdWIiOiI0MDQiLCJ1c2VybmFtZSI6ImptZXRlcjQwNCIsImlhdCI6MTc4NjU0MTQ1OSwiZXhwIjoxNzg2NjI3ODU5fQ.1vQE6l1CrkPfJLmoVO2PoedSlt9Kf6tRvJ1rI6DIwMM,1004
jmeter405,eyJhbGciOiJIUzI1NiJ9.eyJzdWIiOiI0MDUiLCJ1c2VybmFtZSI6ImptZXRlcjQwNSIsImlhdCI6MTc4NjU0MTQ2MCwiZXhwIjoxNzg2NjI3ODYwfQ.zF5DIeM6SdTDdrWLQf3gLgK9HmjpnY0wZ9Snii2vVss,1005
jmeter406,eyJhbGciOiJIUzI1NiJ9.eyJzdWIiOiI0MDYiLCJ1c2VybmFtZSI6ImptZXRlcjQwNiIsImlhdCI6MTc4NjU0MTQ2MCwiZXhwIjoxNzg2NjI3ODYwfQ.khEMSFtFRe8EiXpmLeUORawlkjMSfp86DEAHora5vW8,1006
jmeter407,eyJhbGciOiJIUzI1NiJ9.eyJzdWIiOiI0MDciLCJ1c2VybmFtZSI6ImptZXRlcjQwNyIsImlhdCI6MTc4NjU0MTQ2MCwiZXhwIjoxNzg2NjI3ODYwfQ.wtg3dbLp3sYiDLRqeOQrdjpoL1U8ybaQvg7nDwJHqgg,1007
jmeter408,eyJhbGciOiJIUzI1NiJ9.eyJzdWIiOiI0MDgiLCJ1c2VybmFtZSI6ImptZXRlcjQwOCIsImlhdCI6MTc4NjU0MTQ2MCwiZXhwIjoxNzg2NjI3ODYwfQ.QEmMudjceeMTFnJcKQ0lR8pq6uoa7dPRjnZFcRSLo-w,1008
jmeter409,eyJhbGciOiJIUzI1NiJ9.eyJzdWIiOiI0MDkiLCJ1c2VybmFtZSI6ImptZXRlcjQwOSIsImlhdCI6MTc4NjU0MTQ2MCwiZXhwIjoxNzg2NjI3ODYwfQ.xCwDb1IfEYFypnHmTpMJ3jl0fOp-K4kQgI9QOB6P8MQ,1009
jmeter410,eyJhbGciOiJIUzI1NiJ9.eyJzdWIiOiI0MTAiLCJ1c2VybmFtZSI6ImptZXRlcjQxMCIsImlhdCI6MTc4NjU0MTQ2MCwiZXhwIjoxNzg2NjI3ODYwfQ.iXp7JzLYBjtoAIUX8VQFohD-jS4mxuy6QEjMCAXNSGo,1010
jmeter411,eyJhbGciOiJIUzI1NiJ9.eyJzdWIiOiI0MTEiLCJ1c2VybmFtZSI6ImptZXRlcjQxMSIsImlhdCI6MTc4NjU0MTQ2MSwiZXhwIjoxNzg2NjI3ODYxfQ.kgdN33ZNy8hcn1KRD1zsYFU8550V3gxiBM5rFIbYi50,1011
jmeter412,eyJhbGciOiJIUzI1NiJ9.eyJzdWIiOiI0MTIiLCJ1c2VybmFtZSI6ImptZXRlcjQxMiIsImlhdCI6MTc4NjU0MTQ2MSwiZXhwIjoxNzg2NjI3ODYxfQ.ifItoWZ5pnnYIOzXR22moUxGRUA7peCWDGAgwlF61vM,1012
jmeter413,eyJhbGciOiJIUzI1NiJ9.eyJzdWIiOiI0MTMiLCJ1c2VybmFtZSI6ImptZXRlcjQxMyIsImlhdCI6MTc4NjU0MTQ2MSwiZXhwIjoxNzg2NjI3ODYxfQ.j6ekvzqKef2ByN2X58hmEr_5-B1mS3VPkel4trC2TzE,1013
jmeter414,eyJhbGciOiJIUzI1NiJ9.eyJzdWIiOiI0MTQiLCJ1c2VybmFtZSI6ImptZXRlcjQxNCIsImlhdCI6MTc4NjU0MTQ2MSwiZXhwIjoxNzg2NjI3ODYxfQ.2Hmet_zYai9EbOtH0ndKok_qu9eC676RLaapDYHv5WY,1014
jmeter415,eyJhbGciOiJIUzI1NiJ9.eyJzdWIiOiI0MTUiLCJ1c2VybmFtZSI6ImptZXRlcjQxNSIsImlhdCI6MTc4NjU0MTQ2MSwiZXhwIjoxNzg2NjI3ODYxfQ.1Na58zMUOrt5CNcZfoLFQxtEkh4XElVKYre_1TFKR8o,1015
jmeter416,eyJhbGciOiJIUzI1NiJ9.eyJzdWIiOiI0MTYiLCJ1c2VybmFtZSI6ImptZXRlcjQxNiIsImlhdCI6MTc4NjU0MTQ2MSwiZXhwIjoxNzg2NjI3ODYxfQ.w7W8cGjgVZ1Skdy_qhGVEOP1JVRANY4b5eUwkJ0IGwE,1016
jmeter417,eyJhbGciOiJIUzI1NiJ9.eyJzdWIiOiI0MTciLCJ1c2VybmFtZSI6ImptZXRlcjQxNyIsImlhdCI6MTc4NjU0MTQ2MSwiZXhwIjoxNzg2NjI3ODYxfQ.OVuJYEYTSEUt6LElbdzDX4ZDdANJVP1-0L1gE5WB4zQ,1017
jmeter418,eyJhbGciOiJIUzI1NiJ9.eyJzdWIiOiI0MTgiLCJ1c2VybmFtZSI6ImptZXRlcjQxOCIsImlhdCI6MTc4NjU0MTQ2MiwiZXhwIjoxNzg2NjI3ODYyfQ.IFXA0yQVvzpqbv9lMJYdJMfkmWpTsHcOHVhtM3ja7HU,1018
jmeter419,eyJhbGciOiJIUzI1NiJ9.eyJzdWIiOiI0MTkiLCJ1c2VybmFtZSI6ImptZXRlcjQxOSIsImlhdCI6MTc4NjU0MTQ2MiwiZXhwIjoxNzg2NjI3ODYyfQ.RtXYURJlLpaZod30ufLKUAbEW80yXe4V8RPrJN3vtnU,1019
jmeter420,eyJhbGciOiJIUzI1NiJ9.eyJzdWIiOiI0MjAiLCJ1c2VybmFtZSI6ImptZXRlcjQyMCIsImlhdCI6MTc4NjU0MTQ2MiwiZXhwIjoxNzg2NjI3ODYyfQ.-52NybwBGzjeSorYGnV6pfTjpUoTRiRmvZwNHyZSHDQ,1020
jmeter421,eyJhbGciOiJIUzI1NiJ9.eyJzdWIiOiI0MjEiLCJ1c2VybmFtZSI6ImptZXRlcjQyMSIsImlhdCI6MTc4NjU0MTQ2MiwiZXhwIjoxNzg2NjI3ODYyfQ.4wHmlAqmImXS9FUM5SV7QMfNTEyB1-IWKAplOKUvsRE,1021
jmeter422,eyJhbGciOiJIUzI1NiJ9.eyJzdWIiOiI0MjIiLCJ1c2VybmFtZSI6ImptZXRlcjQyMiIsImlhdCI6MTc4NjU0MTQ2MiwiZXhwIjoxNzg2NjI3ODYyfQ.blJPCK-aD8p9DEM-JpTiMoBnzYZO5ORgbLPwig6hqrw,1022
jmeter423,eyJhbGciOiJIUzI1NiJ9.eyJzdWIiOiI0MjMiLCJ1c2VybmFtZSI6ImptZXRlcjQyMyIsImlhdCI6MTc4NjU0MTQ2MywiZXhwIjoxNzg2NjI3ODYzfQ.bpZvJdcDo_x_MFCJLD-is4M0lhVEa40wiR9S01OzHXE,1023
jmeter424,eyJhbGciOiJIUzI1NiJ9.eyJzdWIiOiI0MjQiLCJ1c2VybmFtZSI6ImptZXRlcjQyNCIsImlhdCI6MTc4NjU0MTQ2MywiZXhwIjoxNzg2NjI3ODYzfQ.R5MZ0Nfvn4yJTmMencAyRDkSBRml0avB5V5ggn4QPwk,1024
jmeter425,eyJhbGciOiJIUzI1NiJ9.eyJzdWIiOiI0MjUiLCJ1c2VybmFtZSI6ImptZXRlcjQyNSIsImlhdCI6MTc4NjU0MTQ2MywiZXhwIjoxNzg2NjI3ODYzfQ.A_xsULv8bRTH0YSpj-wcwZkqqgyFHU_aOKzM5ks-ap8,1025
jmeter426,eyJhbGciOiJIUzI1NiJ9.eyJzdWIiOiI0MjYiLCJ1c2VybmFtZSI6ImptZXRlcjQyNiIsImlhdCI6MTc4NjU0MTQ2MywiZXhwIjoxNzg2NjI3ODYzfQ.3IEWhkfhT6sO-8EEMhlblM9kYsgvIqjKn2hq5F59x9g,1026
jmeter427,eyJhbGciOiJIUzI1NiJ9.eyJzdWIiOiI0MjciLCJ1c2VybmFtZSI6ImptZXRlcjQyNyIsImlhdCI6MTc4NjU0MTQ2MywiZXhwIjoxNzg2NjI3ODYzfQ.AMjtPUomUUweE0r3-VmBFOrCImsPzhlRd7Vjxi8wQ_o,1027
jmeter428,eyJhbGciOiJIUzI1NiJ9.eyJzdWIiOiI0MjgiLCJ1c2VybmFtZSI6ImptZXRlcjQyOCIsImlhdCI6MTc4NjU0MTQ2MywiZXhwIjoxNzg2NjI3ODYzfQ.N1tsK4Ij4RRQUYFZaSmjzx0vuIsAHrEBndt5jq4T7Bw,1028
jmeter429,eyJhbGciOiJIUzI1NiJ9.eyJzdWIiOiI0MjkiLCJ1c2VybmFtZSI6ImptZXRlcjQyOSIsImlhdCI6MTc4NjU0MTQ2MywiZXhwIjoxNzg2NjI3ODYzfQ.bAcwPX3ufniXIp_ahzWrQAAbCrqtlbe4nB0MiMbRvwk,1029
jmeter430,eyJhbGciOiJIUzI1NiJ9.eyJzdWIiOiI0MzAiLCJ1c2VybmFtZSI6ImptZXRlcjQzMCIsImlhdCI6MTc4NjU0MTQ2NCwiZXhwIjoxNzg2NjI3ODY0fQ.XZ3fD9Gxq3zTyQg4Tb9gcMTz4q_nyYFqFM6RHwGKzIk,1030
jmeter431,eyJhbGciOiJIUzI1NiJ9.eyJzdWIiOiI0MzEiLCJ1c2VybmFtZSI6ImptZXRlcjQzMSIsImlhdCI6MTc4NjU0MTQ2NCwiZXhwIjoxNzg2NjI3ODY0fQ.DigciQSITMpTgW9zT6EXtNUW2Q632BjkxaqMWkhfzEw,1031
jmeter432,eyJhbGciOiJIUzI1NiJ9.eyJzdWIiOiI0MzIiLCJ1c2VybmFtZSI6ImptZXRlcjQzMiIsImlhdCI6MTc4NjU0MTQ2NCwiZXhwIjoxNzg2NjI3ODY0fQ.4qTfVRL4ZZchhZuI0uMUVHvc8Yz41Haj6j53fj3eNf8,1032
jmeter433,eyJhbGciOiJIUzI1NiJ9.eyJzdWIiOiI0MzMiLCJ1c2VybmFtZSI6ImptZXRlcjQzMyIsImlhdCI6MTc4NjU0MTQ2NCwiZXhwIjoxNzg2NjI3ODY0fQ.b_TBiCuhNP14Q6wjiFeaMos_5_LX3FVo7t0b8g2U1jE,1033
jmeter434,eyJhbGciOiJIUzI1NiJ9.eyJzdWIiOiI0MzQiLCJ1c2VybmFtZSI6ImptZXRlcjQzNCIsImlhdCI6MTc4NjU0MTQ2NCwiZXhwIjoxNzg2NjI3ODY0fQ.M6LZAPYm5fcftsujFPyRDS1zZyP_DHFNGMIbznoLp0M,1034
jmeter435,eyJhbGciOiJIUzI1NiJ9.eyJzdWIiOiI0MzUiLCJ1c2VybmFtZSI6ImptZXRlcjQzNSIsImlhdCI6MTc4NjU0MTQ2NCwiZXhwIjoxNzg2NjI3ODY0fQ.zK4AXmz5kO-SpOm0S0KcI5kK8dWPJ4wLUQxF-gBouiY,1035
jmeter436,eyJhbGciOiJIUzI1NiJ9.eyJzdWIiOiI0MzYiLCJ1c2VybmFtZSI6ImptZXRlcjQzNiIsImlhdCI6MTc4NjU0MTQ2NSwiZXhwIjoxNzg2NjI3ODY1fQ.SqCH0tIMkTWFhdSNa0FbEyMKkZtCyOD27q0TZwugDqM,1036
jmeter437,eyJhbGciOiJIUzI1NiJ9.eyJzdWIiOiI0MzciLCJ1c2VybmFtZSI6ImptZXRlcjQzNyIsImlhdCI6MTc4NjU0MTQ2NSwiZXhwIjoxNzg2NjI3ODY1fQ.Q6Ul7E1V38QbPrkLPHlk_-FpqxreJiM_TxpkGBFa240,1037
jmeter438,eyJhbGciOiJIUzI1NiJ9.eyJzdWIiOiI0MzgiLCJ1c2VybmFtZSI6ImptZXRlcjQzOCIsImlhdCI6MTc4NjU0MTQ2NSwiZXhwIjoxNzg2NjI3ODY1fQ.ESOoCUz6eRCxNFyHkqQlLEk_-Kpnp1j-b_HxR3hb3xs,1038
jmeter439,eyJhbGciOiJIUzI1NiJ9.eyJzdWIiOiI0MzkiLCJ1c2VybmFtZSI6ImptZXRlcjQzOSIsImlhdCI6MTc4NjU0MTQ2NSwiZXhwIjoxNzg2NjI3ODY1fQ.ARlzL02QD7n-zgGsPLMWD8keJxX6ntM18szBZqnVhEg,1039
jmeter440,eyJhbGciOiJIUzI1NiJ9.eyJzdWIiOiI0NDAiLCJ1c2VybmFtZSI6ImptZXRlcjQ0MCIsImlhdCI6MTc4NjU0MTQ2NSwiZXhwIjoxNzg2NjI3ODY1fQ.fiZULwHHtUC8UmeveNv1Mb6Zb8wAc0KYX8eU1QTQ4II,1040
jmeter441,eyJhbGciOiJIUzI1NiJ9.eyJzdWIiOiI0NDEiLCJ1c2VybmFtZSI6ImptZXRlcjQ0MSIsImlhdCI6MTc4NjU0MTQ2NSwiZXhwIjoxNzg2NjI3ODY1fQ.cKYiMLSZXwjHt82tO4vOulMugc9kGnkAEQqCdNwB33I,1041
jmeter442,eyJhbGciOiJIUzI1NiJ9.eyJzdWIiOiI0NDIiLCJ1c2VybmFtZSI6ImptZXRlcjQ0MiIsImlhdCI6MTc4NjU0MTQ2NiwiZXhwIjoxNzg2NjI3ODY2fQ.ELoPJ86m3uqrs5mwTf0n9NgQ2bTKuEk19CgAq-SoW1w,1042
jmeter443,eyJhbGciOiJIUzI1NiJ9.eyJzdWIiOiI0NDMiLCJ1c2VybmFtZSI6ImptZXRlcjQ0MyIsImlhdCI6MTc4NjU0MTQ2NiwiZXhwIjoxNzg2NjI3ODY2fQ.UZEjzOfruvx0Glsko7BDf_B9UCxheRggjYguhJFB1aw,1043
jmeter444,eyJhbGciOiJIUzI1NiJ9.eyJzdWIiOiI0NDQiLCJ1c2VybmFtZSI6ImptZXRlcjQ0NCIsImlhdCI6MTc4NjU0MTQ2NiwiZXhwIjoxNzg2NjI3ODY2fQ.tpSbroQv7vdFgLEt7AQs-kTYvFudRam5QoD46QvE6rw,1044
jmeter445,eyJhbGciOiJIUzI1NiJ9.eyJzdWIiOiI0NDUiLCJ1c2VybmFtZSI6ImptZXRlcjQ0NSIsImlhdCI6MTc4NjU0MTQ2NiwiZXhwIjoxNzg2NjI3ODY2fQ.sD4g1buww7wDR6l5D-0GLOC1GmJbApT4kjIowua3UEE,1045
jmeter446,eyJhbGciOiJIUzI1NiJ9.eyJzdWIiOiI0NDYiLCJ1c2VybmFtZSI6ImptZXRlcjQ0NiIsImlhdCI6MTc4NjU0MTQ2NiwiZXhwIjoxNzg2NjI3ODY2fQ.eA6o6Cj6svIZoYwT-sS5HEaPxDFSZnce4vHrHVN133I,1046
jmeter447,eyJhbGciOiJIUzI1NiJ9.eyJzdWIiOiI0NDciLCJ1c2VybmFtZSI6ImptZXRlcjQ0NyIsImlhdCI6MTc4NjU0MTQ2NiwiZXhwIjoxNzg2NjI3ODY2fQ.hlHrgSJ05vraI0ovkoohRQC4MgdcLU4kShPjV8XuYu8,1047
jmeter448,eyJhbGciOiJIUzI1NiJ9.eyJzdWIiOiI0NDgiLCJ1c2VybmFtZSI6ImptZXRlcjQ0OCIsImlhdCI6MTc4NjU0MTQ2NywiZXhwIjoxNzg2NjI3ODY3fQ.O8yiXmvO9H7AvPGZh5ABZQQZN6wgO8wXNQ6RwfPKf9c,1048
jmeter449,eyJhbGciOiJIUzI1NiJ9.eyJzdWIiOiI0NDkiLCJ1c2VybmFtZSI6ImptZXRlcjQ0OSIsImlhdCI6MTc4NjU0MTQ2NywiZXhwIjoxNzg2NjI3ODY3fQ.aZM20AVcUevlzCIck6h1mz1PCRxb4p3DueA5LWvrlxg,1049
jmeter450,eyJhbGciOiJIUzI1NiJ9.eyJzdWIiOiI0NTAiLCJ1c2VybmFtZSI6ImptZXRlcjQ1MCIsImlhdCI6MTc4NjU0MTQ2NywiZXhwIjoxNzg2NjI3ODY3fQ.ddtB74zUyIUB1sMExpZI8OWep9ZiiVaaJjia1PAygsE,1050
jmeter451,eyJhbGciOiJIUzI1NiJ9.eyJzdWIiOiI0NTEiLCJ1c2VybmFtZSI6ImptZXRlcjQ1MSIsImlhdCI6MTc4NjU0MTQ2NywiZXhwIjoxNzg2NjI3ODY3fQ.dC0u0950fEbihzBWb_NCCyvPGIpquiZq56M7cfIHkDI,1051
jmeter452,eyJhbGciOiJIUzI1NiJ9.eyJzdWIiOiI0NTIiLCJ1c2VybmFtZSI6ImptZXRlcjQ1MiIsImlhdCI6MTc4NjU0MTQ2NywiZXhwIjoxNzg2NjI3ODY3fQ.J2EdN-1rIc_5fYsDtTKcjGjn0jI85fMQHHPzxjq1iwg,1052
jmeter453,eyJhbGciOiJIUzI1NiJ9.eyJzdWIiOiI0NTMiLCJ1c2VybmFtZSI6ImptZXRlcjQ1MyIsImlhdCI6MTc4NjU0MTQ2OCwiZXhwIjoxNzg2NjI3ODY4fQ.zVRRbpes7c6oAO24dQfTS8GVo0522jShj9uyxOrYkQo,1053
jmeter454,eyJhbGciOiJIUzI1NiJ9.eyJzdWIiOiI0NTQiLCJ1c2VybmFtZSI6ImptZXRlcjQ1NCIsImlhdCI6MTc4NjU0MTQ2OCwiZXhwIjoxNzg2NjI3ODY4fQ.wfzQJPraBjVtbG_Z0pCRVEBmDfSwqyL5HUJd8e7klKw,1054
jmeter455,eyJhbGciOiJIUzI1NiJ9.eyJzdWIiOiI0NTUiLCJ1c2VybmFtZSI6ImptZXRlcjQ1NSIsImlhdCI6MTc4NjU0MTQ2OCwiZXhwIjoxNzg2NjI3ODY4fQ.uKTFKIwfaSbyfNU6iCOZkSFplHyd6lXR7rZWTbFZyGE,1055
jmeter456,eyJhbGciOiJIUzI1NiJ9.eyJzdWIiOiI0NTYiLCJ1c2VybmFtZSI6ImptZXRlcjQ1NiIsImlhdCI6MTc4NjU0MTQ2OCwiZXhwIjoxNzg2NjI3ODY4fQ.NaTiX93tbSj-x_dXmVwRiNRobKVgf6IdL6EEN5CLjB8,1056
jmeter457,eyJhbGciOiJIUzI1NiJ9.eyJzdWIiOiI0NTciLCJ1c2VybmFtZSI6ImptZXRlcjQ1NyIsImlhdCI6MTc4NjU0MTQ2OCwiZXhwIjoxNzg2NjI3ODY4fQ.NnYP0yMlbpMAqnUqU1w0muByB_sFKUx3V1tu9kCOQ0w,1057
jmeter458,eyJhbGciOiJIUzI1NiJ9.eyJzdWIiOiI0NTgiLCJ1c2VybmFtZSI6ImptZXRlcjQ1OCIsImlhdCI6MTc4NjU0MTQ2OCwiZXhwIjoxNzg2NjI3ODY4fQ.x84EcjxJFDUmYpnDqmYpCcOK0Z1dxL9pW03U33xxGwE,1058
jmeter459,eyJhbGciOiJIUzI1NiJ9.eyJzdWIiOiI0NTkiLCJ1c2VybmFtZSI6ImptZXRlcjQ1OSIsImlhdCI6MTc4NjU0MTQ2OSwiZXhwIjoxNzg2NjI3ODY5fQ.2iRmTV91RSfjNtWjmANyr7AL2LXnTnBXhD_3-Hkm-U0,1059
jmeter460,eyJhbGciOiJIUzI1NiJ9.eyJzdWIiOiI0NjAiLCJ1c2VybmFtZSI6ImptZXRlcjQ2MCIsImlhdCI6MTc4NjU0MTQ2OSwiZXhwIjoxNzg2NjI3ODY5fQ.N4MPiWSD3AwpbiEcFNZi3YbGlbOzXe2WHm2K92lKlHk,1060
jmeter461,eyJhbGciOiJIUzI1NiJ9.eyJzdWIiOiI0NjEiLCJ1c2VybmFtZSI6ImptZXRlcjQ2MSIsImlhdCI6MTc4NjU0MTQ2OSwiZXhwIjoxNzg2NjI3ODY5fQ.xoouHTzBftSWFD6iKcbjZZNBeSbYSRhoxM1xaMU7qF0,1061
jmeter462,eyJhbGciOiJIUzI1NiJ9.eyJzdWIiOiI0NjIiLCJ1c2VybmFtZSI6ImptZXRlcjQ2MiIsImlhdCI6MTc4NjU0MTQ2OSwiZXhwIjoxNzg2NjI3ODY5fQ.KiuSgvyz8M32cj-YudXfjKbYd08vUqJlKsfjXJW0gVU,1062
jmeter463,eyJhbGciOiJIUzI1NiJ9.eyJzdWIiOiI0NjMiLCJ1c2VybmFtZSI6ImptZXRlcjQ2MyIsImlhdCI6MTc4NjU0MTQ2OSwiZXhwIjoxNzg2NjI3ODY5fQ.6y9SlY4H-gINSAngr8URMo1o-cNVo7nH_4pxTJUq4w8,1063
jmeter464,eyJhbGciOiJIUzI1NiJ9.eyJzdWIiOiI0NjQiLCJ1c2VybmFtZSI6ImptZXRlcjQ2NCIsImlhdCI6MTc4NjU0MTQ2OSwiZXhwIjoxNzg2NjI3ODY5fQ.CRedBfjsKMMLwFy7lhsMetSKHWj-s8h1MVAabRmdIdQ,1064
jmeter465,eyJhbGciOiJIUzI1NiJ9.eyJzdWIiOiI0NjUiLCJ1c2VybmFtZSI6ImptZXRlcjQ2NSIsImlhdCI6MTc4NjU0MTQ3MCwiZXhwIjoxNzg2NjI3ODcwfQ.FE3NmAsn6yhjzi4cf-Vhn_Vqks7uXquErSHWF0LVUxk,1065
jmeter466,eyJhbGciOiJIUzI1NiJ9.eyJzdWIiOiI0NjYiLCJ1c2VybmFtZSI6ImptZXRlcjQ2NiIsImlhdCI6MTc4NjU0MTQ3MCwiZXhwIjoxNzg2NjI3ODcwfQ.RKLE3neFgNEyPxJMlL54gwOqezLHvYoheeVtfvmnJpU,1066
jmeter467,eyJhbGciOiJIUzI1NiJ9.eyJzdWIiOiI0NjciLCJ1c2VybmFtZSI6ImptZXRlcjQ2NyIsImlhdCI6MTc4NjU0MTQ3MCwiZXhwIjoxNzg2NjI3ODcwfQ.dEt0J384B0YT8XmhDmanNLrftNx1LbjWZedoopTbtHg,1067
jmeter468,eyJhbGciOiJIUzI1NiJ9.eyJzdWIiOiI0NjgiLCJ1c2VybmFtZSI6ImptZXRlcjQ2OCIsImlhdCI6MTc4NjU0MTQ3MCwiZXhwIjoxNzg2NjI3ODcwfQ.sM2X4pVWbVFP6goZxGJ-QZ1IiDQPuyo3CIah9p-0iL8,1068
jmeter469,eyJhbGciOiJIUzI1NiJ9.eyJzdWIiOiI0NjkiLCJ1c2VybmFtZSI6ImptZXRlcjQ2OSIsImlhdCI6MTc4NjU0MTQ3MCwiZXhwIjoxNzg2NjI3ODcwfQ.5vWXTKD6AHGA8kLGB5huD0DBoVY5u1emCZb0Aw8I2QE,1069
jmeter470,eyJhbGciOiJIUzI1NiJ9.eyJzdWIiOiI0NzAiLCJ1c2VybmFtZSI6ImptZXRlcjQ3MCIsImlhdCI6MTc4NjU0MTQ3MCwiZXhwIjoxNzg2NjI3ODcwfQ.1UeV46Ijha4iozuz6UDvJ7lXpSL27XJ55B_gQLv0GPA,1070
jmeter471,eyJhbGciOiJIUzI1NiJ9.eyJzdWIiOiI0NzEiLCJ1c2VybmFtZSI6ImptZXRlcjQ3MSIsImlhdCI6MTc4NjU0MTQ3MSwiZXhwIjoxNzg2NjI3ODcxfQ.kOUnc5-VXs2UagIZYC3ABJ9RFzQy8OScObL6uMSL6Cc,1071
jmeter472,eyJhbGciOiJIUzI1NiJ9.eyJzdWIiOiI0NzIiLCJ1c2VybmFtZSI6ImptZXRlcjQ3MiIsImlhdCI6MTc4NjU0MTQ3MSwiZXhwIjoxNzg2NjI3ODcxfQ.ndgVK6P-8Ok5BHjZKI2nx9zeEu2EZxxJaGN_k9XiEa0,1072
jmeter473,eyJhbGciOiJIUzI1NiJ9.eyJzdWIiOiI0NzMiLCJ1c2VybmFtZSI6ImptZXRlcjQ3MyIsImlhdCI6MTc4NjU0MTQ3MSwiZXhwIjoxNzg2NjI3ODcxfQ.kQuqX2nGM32twE9cy3bnIlPJ1eyPOlHbllCI6vFQ7EA,1073
jmeter474,eyJhbGciOiJIUzI1NiJ9.eyJzdWIiOiI0NzQiLCJ1c2VybmFtZSI6ImptZXRlcjQ3NCIsImlhdCI6MTc4NjU0MTQ3MSwiZXhwIjoxNzg2NjI3ODcxfQ.96ED3cqi_5C1eVuJYWmABbl5OfGmGvOf0GcHzeNjaLM,1074
jmeter475,eyJhbGciOiJIUzI1NiJ9.eyJzdWIiOiI0NzUiLCJ1c2VybmFtZSI6ImptZXRlcjQ3NSIsImlhdCI6MTc4NjU0MTQ3MSwiZXhwIjoxNzg2NjI3ODcxfQ.p_X6FPycIwJfR05j9O5jBm0JG0Pxp_O6wFOioxduj1w,1075
jmeter476,eyJhbGciOiJIUzI1NiJ9.eyJzdWIiOiI0NzYiLCJ1c2VybmFtZSI6ImptZXRlcjQ3NiIsImlhdCI6MTc4NjU0MTQ3MSwiZXhwIjoxNzg2NjI3ODcxfQ.c7Hi8maboK6a7izdVhxFC4Ep7o_WDygwIxE1NjgnyEw,1076
jmeter477,eyJhbGciOiJIUzI1NiJ9.eyJzdWIiOiI0NzciLCJ1c2VybmFtZSI6ImptZXRlcjQ3NyIsImlhdCI6MTc4NjU0MTQ3MSwiZXhwIjoxNzg2NjI3ODcxfQ.IU7jQ-I0B5Rf4_3SkApps8x__Rgku0ZAop1LAPR9OzA,1077
jmeter478,eyJhbGciOiJIUzI1NiJ9.eyJzdWIiOiI0NzgiLCJ1c2VybmFtZSI6ImptZXRlcjQ3OCIsImlhdCI6MTc4NjU0MTQ3MiwiZXhwIjoxNzg2NjI3ODcyfQ.j_vf_6zlEfDtSrVJa2s8z_3PxLV3P5FqZrAouCmjj94,1078
jmeter479,eyJhbGciOiJIUzI1NiJ9.eyJzdWIiOiI0NzkiLCJ1c2VybmFtZSI6ImptZXRlcjQ3OSIsImlhdCI6MTc4NjU0MTQ3MiwiZXhwIjoxNzg2NjI3ODcyfQ.jXBXJqEO7HQkTwlXx_hvMOZo6YCWmbR0yoD20SsRCao,1079
jmeter480,eyJhbGciOiJIUzI1NiJ9.eyJzdWIiOiI0ODAiLCJ1c2VybmFtZSI6ImptZXRlcjQ4MCIsImlhdCI6MTc4NjU0MTQ3MiwiZXhwIjoxNzg2NjI3ODcyfQ.0WYFbYgH0v6Z0vok6tqWjWpc4wv6homUmu2Haygw6Mo,1080
jmeter481,eyJhbGciOiJIUzI1NiJ9.eyJzdWIiOiI0ODEiLCJ1c2VybmFtZSI6ImptZXRlcjQ4MSIsImlhdCI6MTc4NjU0MTQ3MiwiZXhwIjoxNzg2NjI3ODcyfQ.aTTDweAj70v8N8oSORa-gnIrHfubapbnytOv2ZxU8Es,1081
jmeter482,eyJhbGciOiJIUzI1NiJ9.eyJzdWIiOiI0ODIiLCJ1c2VybmFtZSI6ImptZXRlcjQ4MiIsImlhdCI6MTc4NjU0MTQ3MiwiZXhwIjoxNzg2NjI3ODcyfQ.Q7SyM6PE3uDD7kJ1xOE9WccO0nEwixuWM8T4iuQx6cE,1082
jmeter483,eyJhbGciOiJIUzI1NiJ9.eyJzdWIiOiI0ODMiLCJ1c2VybmFtZSI6ImptZXRlcjQ4MyIsImlhdCI6MTc4NjU0MTQ3MiwiZXhwIjoxNzg2NjI3ODcyfQ.PuWf8eoJCSkMCPWJWo3inb5SuKDrDcYyzgrEzQq2yVs,1083
jmeter484,eyJhbGciOiJIUzI1NiJ9.eyJzdWIiOiI0ODQiLCJ1c2VybmFtZSI6ImptZXRlcjQ4NCIsImlhdCI6MTc4NjU0MTQ3MywiZXhwIjoxNzg2NjI3ODczfQ.NfaHlAmIZ-pBEBrbuwSBATb6yRb1gKq9QoXnuKKVjUs,1084
jmeter485,eyJhbGciOiJIUzI1NiJ9.eyJzdWIiOiI0ODUiLCJ1c2VybmFtZSI6ImptZXRlcjQ4NSIsImlhdCI6MTc4NjU0MTQ3MywiZXhwIjoxNzg2NjI3ODczfQ.0RDi18HAu99z-y2PJiEqHOCFjVzgIHNsQYMOm2xlNaU,1085
jmeter486,eyJhbGciOiJIUzI1NiJ9.eyJzdWIiOiI0ODYiLCJ1c2VybmFtZSI6ImptZXRlcjQ4NiIsImlhdCI6MTc4NjU0MTQ3MywiZXhwIjoxNzg2NjI3ODczfQ.gvnbt2AGIbGNPx1GD0kI0oBJ-grsH8WGfzKCHYUEJRY,1086
jmeter487,eyJhbGciOiJIUzI1NiJ9.eyJzdWIiOiI0ODciLCJ1c2VybmFtZSI6ImptZXRlcjQ4NyIsImlhdCI6MTc4NjU0MTQ3MywiZXhwIjoxNzg2NjI3ODczfQ.LJMZDgPFAbEwfyJ88pkLrDk_umH619CrJQw7ere5Kyo,1087
jmeter488,eyJhbGciOiJIUzI1NiJ9.eyJzdWIiOiI0ODgiLCJ1c2VybmFtZSI6ImptZXRlcjQ4OCIsImlhdCI6MTc4NjU0MTQ3MywiZXhwIjoxNzg2NjI3ODczfQ.EJZxaev_-yrpQdhzRwDsEvZRlfjH4q-HscaIuzbI9vk,1088
jmeter489,eyJhbGciOiJIUzI1NiJ9.eyJzdWIiOiI0ODkiLCJ1c2VybmFtZSI6ImptZXRlcjQ4OSIsImlhdCI6MTc4NjU0MTQ3MywiZXhwIjoxNzg2NjI3ODczfQ.byaprbF-l2xqeSUaNyhvvOt68EreqXqPDBd7GDqJ5Gs,1089
jmeter490,eyJhbGciOiJIUzI1NiJ9.eyJzdWIiOiI0OTAiLCJ1c2VybmFtZSI6ImptZXRlcjQ5MCIsImlhdCI6MTc4NjU0MTQ3NCwiZXhwIjoxNzg2NjI3ODc0fQ.nShxVVA1la9HvffdOxcNW9ZuRx5cv0Kmmd5W0JYc6qU,1090
jmeter491,eyJhbGciOiJIUzI1NiJ9.eyJzdWIiOiI0OTEiLCJ1c2VybmFtZSI6ImptZXRlcjQ5MSIsImlhdCI6MTc4NjU0MTQ3NCwiZXhwIjoxNzg2NjI3ODc0fQ.6j34lZIta3ZAqE_n6zmf2jm2KomsZoXBU3NdKVs3EaM,1091
jmeter492,eyJhbGciOiJIUzI1NiJ9.eyJzdWIiOiI0OTIiLCJ1c2VybmFtZSI6ImptZXRlcjQ5MiIsImlhdCI6MTc4NjU0MTQ3NCwiZXhwIjoxNzg2NjI3ODc0fQ.eUNGscT5iZTyxaLcMF7ORjchIY_kS6ecV-seJhupd-s,1092
jmeter493,eyJhbGciOiJIUzI1NiJ9.eyJzdWIiOiI0OTMiLCJ1c2VybmFtZSI6ImptZXRlcjQ5MyIsImlhdCI6MTc4NjU0MTQ3NCwiZXhwIjoxNzg2NjI3ODc0fQ.Qdodd0F3yryXT92odyOdx-a3_ykanUGQhV1tpQ44IXQ,1093
jmeter494,eyJhbGciOiJIUzI1NiJ9.eyJzdWIiOiI0OTQiLCJ1c2VybmFtZSI6ImptZXRlcjQ5NCIsImlhdCI6MTc4NjU0MTQ3NCwiZXhwIjoxNzg2NjI3ODc0fQ.K27cnT-r_-ON0706iSrvdEtbEyEBDZ46QufZ10my_A0,1094
jmeter495,eyJhbGciOiJIUzI1NiJ9.eyJzdWIiOiI0OTUiLCJ1c2VybmFtZSI6ImptZXRlcjQ5NSIsImlhdCI6MTc4NjU0MTQ3NSwiZXhwIjoxNzg2NjI3ODc1fQ.LrgVMST3jvDMKIEHTqXwkEDw20lm2u3p-v0R5G9RAVQ,1095
jmeter496,eyJhbGciOiJIUzI1NiJ9.eyJzdWIiOiI0OTYiLCJ1c2VybmFtZSI6ImptZXRlcjQ5NiIsImlhdCI6MTc4NjU0MTQ3NSwiZXhwIjoxNzg2NjI3ODc1fQ.Q1yVElnOJxMGiuHW6KEVdlGps5beNwYkL0B0ScXylvw,1096
jmeter497,eyJhbGciOiJIUzI1NiJ9.eyJzdWIiOiI0OTciLCJ1c2VybmFtZSI6ImptZXRlcjQ5NyIsImlhdCI6MTc4NjU0MTQ3NSwiZXhwIjoxNzg2NjI3ODc1fQ.sFcLB1ticmkg8i0jEGAzwGf6JULHKb_G8ENi8GoNwCM,1097
jmeter498,eyJhbGciOiJIUzI1NiJ9.eyJzdWIiOiI0OTgiLCJ1c2VybmFtZSI6ImptZXRlcjQ5OCIsImlhdCI6MTc4NjU0MTQ3NSwiZXhwIjoxNzg2NjI3ODc1fQ.qgRQH6z9sEd5zE2r91sh22JN8lK3o9PZS8Vm9fjMqvk,1098
jmeter499,eyJhbGciOiJIUzI1NiJ9.eyJzdWIiOiI0OTkiLCJ1c2VybmFtZSI6ImptZXRlcjQ5OSIsImlhdCI6MTc4NjU0MTQ3NSwiZXhwIjoxNzg2NjI3ODc1fQ.eXGLaryFuxv64PYlVlEsjmPcgCGIqJkxETOGMxhun54,1099
jmeter500,eyJhbGciOiJIUzI1NiJ9.eyJzdWIiOiI1MDAiLCJ1c2VybmFtZSI6ImptZXRlcjUwMCIsImlhdCI6MTc4NjU0MTQ3NSwiZXhwIjoxNzg2NjI3ODc1fQ.Y8tUpBglMQPoOaubxPdadb9OAfKRldFCrG8AvRlJ1jY,1100
jmeter501,eyJhbGciOiJIUzI1NiJ9.eyJzdWIiOiI1MDEiLCJ1c2VybmFtZSI6ImptZXRlcjUwMSIsImlhdCI6MTc4NjU0MTQ3NiwiZXhwIjoxNzg2NjI3ODc2fQ.uMgryLLyqyZ2zxL0MUE3rmRhq9DvpNMK2urKUo5aSMI,1101
jmeter502,eyJhbGciOiJIUzI1NiJ9.eyJzdWIiOiI1MDIiLCJ1c2VybmFtZSI6ImptZXRlcjUwMiIsImlhdCI6MTc4NjU0MTQ3NiwiZXhwIjoxNzg2NjI3ODc2fQ.OqM6SsorgQnGE6ooUSlCvJ_7l4zooFzEL-m85E2rMnw,1102
jmeter503,eyJhbGciOiJIUzI1NiJ9.eyJzdWIiOiI1MDMiLCJ1c2VybmFtZSI6ImptZXRlcjUwMyIsImlhdCI6MTc4NjU0MTQ3NiwiZXhwIjoxNzg2NjI3ODc2fQ.2V4MENyowHiOB--zKSGKwh488qrizIumD0MlyGi50dg,1103
jmeter504,eyJhbGciOiJIUzI1NiJ9.eyJzdWIiOiI1MDQiLCJ1c2VybmFtZSI6ImptZXRlcjUwNCIsImlhdCI6MTc4NjU0MTQ3NiwiZXhwIjoxNzg2NjI3ODc2fQ.SVG_-QnGQOznp0oLXZcLN8YXsBVnxWWqYQKh-6tg8ic,1104
jmeter505,eyJhbGciOiJIUzI1NiJ9.eyJzdWIiOiI1MDUiLCJ1c2VybmFtZSI6ImptZXRlcjUwNSIsImlhdCI6MTc4NjU0MTQ3NywiZXhwIjoxNzg2NjI3ODc3fQ.kk988n89cCNu3G4TNVDfmPO41v81LQa_r6XxGpaLvpE,1105
jmeter506,eyJhbGciOiJIUzI1NiJ9.eyJzdWIiOiI1MDYiLCJ1c2VybmFtZSI6ImptZXRlcjUwNiIsImlhdCI6MTc4NjU0MTQ3NywiZXhwIjoxNzg2NjI3ODc3fQ.AELbUJB58LicarJxRtc4L6sPqjzMGP-j-WiLpcsluqs,1106
jmeter507,eyJhbGciOiJIUzI1NiJ9.eyJzdWIiOiI1MDciLCJ1c2VybmFtZSI6ImptZXRlcjUwNyIsImlhdCI6MTc4NjU0MTQ3NywiZXhwIjoxNzg2NjI3ODc3fQ.-SVVfjayI3fgPtUIprkMOr5ftw0GEGDd1RWyjmSBfCA,1107
jmeter508,eyJhbGciOiJIUzI1NiJ9.eyJzdWIiOiI1MDgiLCJ1c2VybmFtZSI6ImptZXRlcjUwOCIsImlhdCI6MTc4NjU0MTQ3NywiZXhwIjoxNzg2NjI3ODc3fQ.Do-EFZjhdiE-VZClYOA-7fvefSIsa3IeQybS_xvObvM,1108
jmeter509,eyJhbGciOiJIUzI1NiJ9.eyJzdWIiOiI1MDkiLCJ1c2VybmFtZSI6ImptZXRlcjUwOSIsImlhdCI6MTc4NjU0MTQ3NywiZXhwIjoxNzg2NjI3ODc3fQ.qa69hDEbfhB7Mk5ZALYmnKRvWEp-O0WTUE9l89F_Ixs,1109
jmeter510,eyJhbGciOiJIUzI1NiJ9.eyJzdWIiOiI1MTAiLCJ1c2VybmFtZSI6ImptZXRlcjUxMCIsImlhdCI6MTc4NjU0MTQ3OCwiZXhwIjoxNzg2NjI3ODc4fQ.15v4TM415DZPezo__vWrg-HQaFCi9ykxEaFk8YSUF3Q,1110
jmeter511,eyJhbGciOiJIUzI1NiJ9.eyJzdWIiOiI1MTEiLCJ1c2VybmFtZSI6ImptZXRlcjUxMSIsImlhdCI6MTc4NjU0MTQ3OCwiZXhwIjoxNzg2NjI3ODc4fQ.Vn-xTeSOP1E0MYYBx9grhbZtZ8NfZFSKQMTXiu2Q_rk,1111
jmeter512,eyJhbGciOiJIUzI1NiJ9.eyJzdWIiOiI1MTIiLCJ1c2VybmFtZSI6ImptZXRlcjUxMiIsImlhdCI6MTc4NjU0MTQ3OCwiZXhwIjoxNzg2NjI3ODc4fQ.FA1x-iw6yFawF4Hm6L2yHnsb4QElziTHagQdXpHSNPw,1112
jmeter513,eyJhbGciOiJIUzI1NiJ9.eyJzdWIiOiI1MTMiLCJ1c2VybmFtZSI6ImptZXRlcjUxMyIsImlhdCI6MTc4NjU0MTQ3OCwiZXhwIjoxNzg2NjI3ODc4fQ.GPn2RLS2qYF4uWjmACkUfAYByo63AfiStk8QwSRoZwA,1113
jmeter514,eyJhbGciOiJIUzI1NiJ9.eyJzdWIiOiI1MTQiLCJ1c2VybmFtZSI6ImptZXRlcjUxNCIsImlhdCI6MTc4NjU0MTQ3OSwiZXhwIjoxNzg2NjI3ODc5fQ.5CYmK9Oo_CvRklRbM5GWVX8lhfuRRFI0g41koICi5mE,1114
jmeter515,eyJhbGciOiJIUzI1NiJ9.eyJzdWIiOiI1MTUiLCJ1c2VybmFtZSI6ImptZXRlcjUxNSIsImlhdCI6MTc4NjU0MTQ3OSwiZXhwIjoxNzg2NjI3ODc5fQ.r_rXSq2IMkgJCzc-R5FfBsT-MugAInkcXuYWyfPNV4E,1115
jmeter516,eyJhbGciOiJIUzI1NiJ9.eyJzdWIiOiI1MTYiLCJ1c2VybmFtZSI6ImptZXRlcjUxNiIsImlhdCI6MTc4NjU0MTQ3OSwiZXhwIjoxNzg2NjI3ODc5fQ._Z-xYnSweUfZ6BdmO6z_51xhLgAF70jvdSjdMUjzKYI,1116
jmeter517,eyJhbGciOiJIUzI1NiJ9.eyJzdWIiOiI1MTciLCJ1c2VybmFtZSI6ImptZXRlcjUxNyIsImlhdCI6MTc4NjU0MTQ3OSwiZXhwIjoxNzg2NjI3ODc5fQ.6B1o0f6D4aOEYO41WPFJ3tgAUk5q5MjOf7YMfhfndjI,1117
jmeter518,eyJhbGciOiJIUzI1NiJ9.eyJzdWIiOiI1MTgiLCJ1c2VybmFtZSI6ImptZXRlcjUxOCIsImlhdCI6MTc4NjU0MTQ4MCwiZXhwIjoxNzg2NjI3ODgwfQ.fv9ll6qFgycYWkYKHyp4vtMH4kzZ76vbgpQxuIg5GBw,1118
jmeter519,eyJhbGciOiJIUzI1NiJ9.eyJzdWIiOiI1MTkiLCJ1c2VybmFtZSI6ImptZXRlcjUxOSIsImlhdCI6MTc4NjU0MTQ4MCwiZXhwIjoxNzg2NjI3ODgwfQ.A7zdyLp0ldVWAsSy2pZ1G5CUhAT-kGyAnhlZpS4DqD0,1119
jmeter520,eyJhbGciOiJIUzI1NiJ9.eyJzdWIiOiI1MjAiLCJ1c2VybmFtZSI6ImptZXRlcjUyMCIsImlhdCI6MTc4NjU0MTQ4MCwiZXhwIjoxNzg2NjI3ODgwfQ.4lKZwP2eSRKhppAAegURMmYpPuWzDhYebkzpZ8E31XY,1120
jmeter521,eyJhbGciOiJIUzI1NiJ9.eyJzdWIiOiI1MjEiLCJ1c2VybmFtZSI6ImptZXRlcjUyMSIsImlhdCI6MTc4NjU0MTQ4MCwiZXhwIjoxNzg2NjI3ODgwfQ.Rj_z0LU346FfW_37Zg4x_SdJA7x4EUtzAvUdH0B_DIA,1121
jmeter522,eyJhbGciOiJIUzI1NiJ9.eyJzdWIiOiI1MjIiLCJ1c2VybmFtZSI6ImptZXRlcjUyMiIsImlhdCI6MTc4NjU0MTQ4MSwiZXhwIjoxNzg2NjI3ODgxfQ.UVXVzFqP0qsSJTlZH7UTs4qLjLzFVVmd34oLYhHg7vs,1122
jmeter523,eyJhbGciOiJIUzI1NiJ9.eyJzdWIiOiI1MjMiLCJ1c2VybmFtZSI6ImptZXRlcjUyMyIsImlhdCI6MTc4NjU0MTQ4MSwiZXhwIjoxNzg2NjI3ODgxfQ.2JSsjc5Zo5b4cJM_v4VKJD3wDIf5Mtqskd5TmPZCNIQ,1123
jmeter524,eyJhbGciOiJIUzI1NiJ9.eyJzdWIiOiI1MjQiLCJ1c2VybmFtZSI6ImptZXRlcjUyNCIsImlhdCI6MTc4NjU0MTQ4MSwiZXhwIjoxNzg2NjI3ODgxfQ.omrw1swwDo9QB76CBj0b7StUhGcWz9nT80wSW084vWg,1124
jmeter525,eyJhbGciOiJIUzI1NiJ9.eyJzdWIiOiI1MjUiLCJ1c2VybmFtZSI6ImptZXRlcjUyNSIsImlhdCI6MTc4NjU0MTQ4MSwiZXhwIjoxNzg2NjI3ODgxfQ.ihRNmYbvyn3WnVfUR0PfsRsuXXP3a_yANQk9eIQYpb0,1125
jmeter526,eyJhbGciOiJIUzI1NiJ9.eyJzdWIiOiI1MjYiLCJ1c2VybmFtZSI6ImptZXRlcjUyNiIsImlhdCI6MTc4NjU0MTQ4MSwiZXhwIjoxNzg2NjI3ODgxfQ.ThiCn_hUEkNGIVmf1ISmn04YjutmpFM6lznLWsRWJqM,1126
jmeter527,eyJhbGciOiJIUzI1NiJ9.eyJzdWIiOiI1MjciLCJ1c2VybmFtZSI6ImptZXRlcjUyNyIsImlhdCI6MTc4NjU0MTQ4MiwiZXhwIjoxNzg2NjI3ODgyfQ.joWftaYhFyk5bS4_t1zaDe_4gQXsBG2vhy1Xpj3TjeI,1127
jmeter528,eyJhbGciOiJIUzI1NiJ9.eyJzdWIiOiI1MjgiLCJ1c2VybmFtZSI6ImptZXRlcjUyOCIsImlhdCI6MTc4NjU0MTQ4MiwiZXhwIjoxNzg2NjI3ODgyfQ.r9_OaFMxRCEWwEYDyHssuNZGkfOZoulHI36o3t_btYs,1128
jmeter529,eyJhbGciOiJIUzI1NiJ9.eyJzdWIiOiI1MjkiLCJ1c2VybmFtZSI6ImptZXRlcjUyOSIsImlhdCI6MTc4NjU0MTQ4MiwiZXhwIjoxNzg2NjI3ODgyfQ.heTqYLBE4vpyrBw2avoVpl4Uu0tkizTf2jbR2-40rVE,1129
jmeter530,eyJhbGciOiJIUzI1NiJ9.eyJzdWIiOiI1MzAiLCJ1c2VybmFtZSI6ImptZXRlcjUzMCIsImlhdCI6MTc4NjU0MTQ4MiwiZXhwIjoxNzg2NjI3ODgyfQ.tj64qs5JHYBGdZjB-I_pCo_KQdtYDR3sTABMe0zsKdc,1130
jmeter531,eyJhbGciOiJIUzI1NiJ9.eyJzdWIiOiI1MzEiLCJ1c2VybmFtZSI6ImptZXRlcjUzMSIsImlhdCI6MTc4NjU0MTQ4MywiZXhwIjoxNzg2NjI3ODgzfQ.c7cloR2OVOgjby-UDPilGCMSotrIIzTI00qN_4n1n_w,1131
jmeter532,eyJhbGciOiJIUzI1NiJ9.eyJzdWIiOiI1MzIiLCJ1c2VybmFtZSI6ImptZXRlcjUzMiIsImlhdCI6MTc4NjU0MTQ4MywiZXhwIjoxNzg2NjI3ODgzfQ.lnEBvnAkIC6s1lJQ4qHGmb-69eCgnzwXqbTs8p2Lw-k,1132
jmeter533,eyJhbGciOiJIUzI1NiJ9.eyJzdWIiOiI1MzMiLCJ1c2VybmFtZSI6ImptZXRlcjUzMyIsImlhdCI6MTc4NjU0MTQ4MywiZXhwIjoxNzg2NjI3ODgzfQ.eis7uijIyhqf_lyMFqJNDYkKPdEwCuMLqFOCjU5CTis,1133
jmeter534,eyJhbGciOiJIUzI1NiJ9.eyJzdWIiOiI1MzQiLCJ1c2VybmFtZSI6ImptZXRlcjUzNCIsImlhdCI6MTc4NjU0MTQ4MywiZXhwIjoxNzg2NjI3ODgzfQ.VN0c8afMZFcBSMFuslP70DTJIWcl3ErdHAXB3cannAw,1134
jmeter535,eyJhbGciOiJIUzI1NiJ9.eyJzdWIiOiI1MzUiLCJ1c2VybmFtZSI6ImptZXRlcjUzNSIsImlhdCI6MTc4NjU0MTQ4NCwiZXhwIjoxNzg2NjI3ODg0fQ.muMcvy_lr4ohqiioE6PUvk_dC-D1hSVf6IAxUfZNExs,1135
jmeter536,eyJhbGciOiJIUzI1NiJ9.eyJzdWIiOiI1MzYiLCJ1c2VybmFtZSI6ImptZXRlcjUzNiIsImlhdCI6MTc4NjU0MTQ4NCwiZXhwIjoxNzg2NjI3ODg0fQ.5l4UUuwffDaZhy5fd2QgT-jKENk_HUNBP-VkKQa_LsI,1136
jmeter537,eyJhbGciOiJIUzI1NiJ9.eyJzdWIiOiI1MzciLCJ1c2VybmFtZSI6ImptZXRlcjUzNyIsImlhdCI6MTc4NjU0MTQ4NCwiZXhwIjoxNzg2NjI3ODg0fQ.Lr1LqzVh9lGXMFQV4LlERYoIdpkHhssKz6lq_l9lEx4,1137
jmeter538,eyJhbGciOiJIUzI1NiJ9.eyJzdWIiOiI1MzgiLCJ1c2VybmFtZSI6ImptZXRlcjUzOCIsImlhdCI6MTc4NjU0MTQ4NCwiZXhwIjoxNzg2NjI3ODg0fQ.ho95GqUduc5RtSmbEyzs1C7ZL9FzJCNW4-yZBnV6jp0,1138
jmeter539,eyJhbGciOiJIUzI1NiJ9.eyJzdWIiOiI1MzkiLCJ1c2VybmFtZSI6ImptZXRlcjUzOSIsImlhdCI6MTc4NjU0MTQ4NSwiZXhwIjoxNzg2NjI3ODg1fQ.RuuEOO9IwdR0QX3JRZFdgSlZ5Nrn5HlNpoRc3yi1T3w,1139
jmeter540,eyJhbGciOiJIUzI1NiJ9.eyJzdWIiOiI1NDAiLCJ1c2VybmFtZSI6ImptZXRlcjU0MCIsImlhdCI6MTc4NjU0MTQ4NSwiZXhwIjoxNzg2NjI3ODg1fQ.cdJOoF-HpObcttVPncWJxn1rbMcabPTyBhafYBdONsI,1140
jmeter541,eyJhbGciOiJIUzI1NiJ9.eyJzdWIiOiI1NDEiLCJ1c2VybmFtZSI6ImptZXRlcjU0MSIsImlhdCI6MTc4NjU0MTQ4NSwiZXhwIjoxNzg2NjI3ODg1fQ.Dire8yvD3-_jbgnxWsGbkcBo8yzZ60_-4R2w254C_LM,1141
jmeter542,eyJhbGciOiJIUzI1NiJ9.eyJzdWIiOiI1NDIiLCJ1c2VybmFtZSI6ImptZXRlcjU0MiIsImlhdCI6MTc4NjU0MTQ4NSwiZXhwIjoxNzg2NjI3ODg1fQ.k08qK68-OlS3125Qx6dDd-MY0zvTv-LV3QvrNUvVsTE,1142
jmeter543,eyJhbGciOiJIUzI1NiJ9.eyJzdWIiOiI1NDMiLCJ1c2VybmFtZSI6ImptZXRlcjU0MyIsImlhdCI6MTc4NjU0MTQ4NiwiZXhwIjoxNzg2NjI3ODg2fQ.CtQ2K7qD8bmNwcl95PlG-w6yCriYR15rLfpH2huokCY,1143
jmeter544,eyJhbGciOiJIUzI1NiJ9.eyJzdWIiOiI1NDQiLCJ1c2VybmFtZSI6ImptZXRlcjU0NCIsImlhdCI6MTc4NjU0MTQ4NiwiZXhwIjoxNzg2NjI3ODg2fQ.ZPrFi6dn2PUh6kB4qyBu6n2A_47GlAtBajA7HxD2Es0,1144
jmeter545,eyJhbGciOiJIUzI1NiJ9.eyJzdWIiOiI1NDUiLCJ1c2VybmFtZSI6ImptZXRlcjU0NSIsImlhdCI6MTc4NjU0MTQ4NiwiZXhwIjoxNzg2NjI3ODg2fQ.ZoofPMZICTSjzQ4YpRDf8Z26vgiflh0BE-WwWwhVuzU,1145
jmeter546,eyJhbGciOiJIUzI1NiJ9.eyJzdWIiOiI1NDYiLCJ1c2VybmFtZSI6ImptZXRlcjU0NiIsImlhdCI6MTc4NjU0MTQ4NiwiZXhwIjoxNzg2NjI3ODg2fQ.LB_xUV3m565LociBbnzWyTTSwqNK5ZkfrXjr_hlo6-A,1146
jmeter547,eyJhbGciOiJIUzI1NiJ9.eyJzdWIiOiI1NDciLCJ1c2VybmFtZSI6ImptZXRlcjU0NyIsImlhdCI6MTc4NjU0MTQ4NywiZXhwIjoxNzg2NjI3ODg3fQ.a8AqYN7Uv2rBkJQCz2_tPx1e4FZg0d8t23XrfM--rkc,1147
jmeter548,eyJhbGciOiJIUzI1NiJ9.eyJzdWIiOiI1NDgiLCJ1c2VybmFtZSI6ImptZXRlcjU0OCIsImlhdCI6MTc4NjU0MTQ4NywiZXhwIjoxNzg2NjI3ODg3fQ.yXIoIVSUukdqDnGoFflaLRjcF-SOfgG8BvkR2Q8-sjE,1148
jmeter549,eyJhbGciOiJIUzI1NiJ9.eyJzdWIiOiI1NDkiLCJ1c2VybmFtZSI6ImptZXRlcjU0OSIsImlhdCI6MTc4NjU0MTQ4NywiZXhwIjoxNzg2NjI3ODg3fQ.GZV97ZD4TIIDASUfjN455XckBpsLs2VnEZ3RXF-nHR4,1149
jmeter550,eyJhbGciOiJIUzI1NiJ9.eyJzdWIiOiI1NTAiLCJ1c2VybmFtZSI6ImptZXRlcjU1MCIsImlhdCI6MTc4NjU0MTQ4NywiZXhwIjoxNzg2NjI3ODg3fQ.Guw6x7OYAJcOYkYypBthGOmXhLWDo-HP0iTD9KQJKG0,1150
jmeter551,eyJhbGciOiJIUzI1NiJ9.eyJzdWIiOiI1NTEiLCJ1c2VybmFtZSI6ImptZXRlcjU1MSIsImlhdCI6MTc4NjU0MTQ4OCwiZXhwIjoxNzg2NjI3ODg4fQ.Xe7uCOrn7FaL2lwGRHuS7JWMq-VOE1ZP9E_wS35n-ig,1151
jmeter552,eyJhbGciOiJIUzI1NiJ9.eyJzdWIiOiI1NTIiLCJ1c2VybmFtZSI6ImptZXRlcjU1MiIsImlhdCI6MTc4NjU0MTQ4OCwiZXhwIjoxNzg2NjI3ODg4fQ.Dvarsg6WsvboEf34AcGehtE46qdGCLM2sVySfhxqFAM,1152
jmeter553,eyJhbGciOiJIUzI1NiJ9.eyJzdWIiOiI1NTMiLCJ1c2VybmFtZSI6ImptZXRlcjU1MyIsImlhdCI6MTc4NjU0MTQ4OCwiZXhwIjoxNzg2NjI3ODg4fQ.8lOEcUNAA6eqWh_Cw-xXSDEsfxKFYGNuRmkQxw4yzR8,1153
jmeter554,eyJhbGciOiJIUzI1NiJ9.eyJzdWIiOiI1NTQiLCJ1c2VybmFtZSI6ImptZXRlcjU1NCIsImlhdCI6MTc4NjU0MTQ4OCwiZXhwIjoxNzg2NjI3ODg4fQ.KnEKKgQkkUDGsvjf7wM9JH5Ayv4aZk_vXHPHZHCIhGA,1154
jmeter555,eyJhbGciOiJIUzI1NiJ9.eyJzdWIiOiI1NTUiLCJ1c2VybmFtZSI6ImptZXRlcjU1NSIsImlhdCI6MTc4NjU0MTQ4OCwiZXhwIjoxNzg2NjI3ODg4fQ.nNX74GhKA908lNHjYHo36UUjDzrl1UuVWb4YMhl6Cu4,1155
jmeter556,eyJhbGciOiJIUzI1NiJ9.eyJzdWIiOiI1NTYiLCJ1c2VybmFtZSI6ImptZXRlcjU1NiIsImlhdCI6MTc4NjU0MTQ4OSwiZXhwIjoxNzg2NjI3ODg5fQ.0poSN0ZxtYxGwCfT4ampCYqx88dyXc6N0YIYoj4-vOI,1156
jmeter557,eyJhbGciOiJIUzI1NiJ9.eyJzdWIiOiI1NTciLCJ1c2VybmFtZSI6ImptZXRlcjU1NyIsImlhdCI6MTc4NjU0MTQ4OSwiZXhwIjoxNzg2NjI3ODg5fQ.iZ9tVhlV7RFocSsPSSr5qK8MWvEonQyIEHJK5ucVfEQ,1157
jmeter558,eyJhbGciOiJIUzI1NiJ9.eyJzdWIiOiI1NTgiLCJ1c2VybmFtZSI6ImptZXRlcjU1OCIsImlhdCI6MTc4NjU0MTQ4OSwiZXhwIjoxNzg2NjI3ODg5fQ.6IMX9Vf-ktie1yw87PlKJR0GN9Uk-u1ywjfRi3DEbb4,1158
jmeter559,eyJhbGciOiJIUzI1NiJ9.eyJzdWIiOiI1NTkiLCJ1c2VybmFtZSI6ImptZXRlcjU1OSIsImlhdCI6MTc4NjU0MTQ4OSwiZXhwIjoxNzg2NjI3ODg5fQ.fhLnzHE7zSH_8tWK4pPSc8yH-mmG_Tkkii17MGrsB-Y,1159
jmeter560,eyJhbGciOiJIUzI1NiJ9.eyJzdWIiOiI1NjAiLCJ1c2VybmFtZSI6ImptZXRlcjU2MCIsImlhdCI6MTc4NjU0MTQ5MCwiZXhwIjoxNzg2NjI3ODkwfQ.J2QDvBz0pAI8gCek1S0W57JVwY_R5PeTo0tVuPn1-5s,1160
jmeter561,eyJhbGciOiJIUzI1NiJ9.eyJzdWIiOiI1NjEiLCJ1c2VybmFtZSI6ImptZXRlcjU2MSIsImlhdCI6MTc4NjU0MTQ5MCwiZXhwIjoxNzg2NjI3ODkwfQ.Z-wC0-t6IOH6GwiVnfDDSsaifXE6fcyVgsynx-dSABs,1161
jmeter562,eyJhbGciOiJIUzI1NiJ9.eyJzdWIiOiI1NjIiLCJ1c2VybmFtZSI6ImptZXRlcjU2MiIsImlhdCI6MTc4NjU0MTQ5MCwiZXhwIjoxNzg2NjI3ODkwfQ.wS_yOZ8FNHPh92p8TnGIAFjkgt5UTIvISZoREopMR3k,1162
jmeter563,eyJhbGciOiJIUzI1NiJ9.eyJzdWIiOiI1NjMiLCJ1c2VybmFtZSI6ImptZXRlcjU2MyIsImlhdCI6MTc4NjU0MTQ5MCwiZXhwIjoxNzg2NjI3ODkwfQ.9jDm29goJez4l_Pd0eltnrt2YwN-b5tFqv7qNiL8x6I,1163
jmeter564,eyJhbGciOiJIUzI1NiJ9.eyJzdWIiOiI1NjQiLCJ1c2VybmFtZSI6ImptZXRlcjU2NCIsImlhdCI6MTc4NjU0MTQ5MSwiZXhwIjoxNzg2NjI3ODkxfQ.WfDNjf2sSNOHav0_XYQeDWbLM4otM2M4R_bYLazOgJk,1164
jmeter565,eyJhbGciOiJIUzI1NiJ9.eyJzdWIiOiI1NjUiLCJ1c2VybmFtZSI6ImptZXRlcjU2NSIsImlhdCI6MTc4NjU0MTQ5MSwiZXhwIjoxNzg2NjI3ODkxfQ.u2fxowyQj79k7zscueruMB6A2nwv4UnOxO-OjflkZ9o,1165
jmeter566,eyJhbGciOiJIUzI1NiJ9.eyJzdWIiOiI1NjYiLCJ1c2VybmFtZSI6ImptZXRlcjU2NiIsImlhdCI6MTc4NjU0MTQ5MSwiZXhwIjoxNzg2NjI3ODkxfQ.ZFPqqzJqKVEx_Wy3Nk75vuwEpYoCAH4LVjUMq3_Ru7s,1166
jmeter567,eyJhbGciOiJIUzI1NiJ9.eyJzdWIiOiI1NjciLCJ1c2VybmFtZSI6ImptZXRlcjU2NyIsImlhdCI6MTc4NjU0MTQ5MSwiZXhwIjoxNzg2NjI3ODkxfQ.1QVX_pX-uRcbrgc427WiYuXDpgogaeajVWBY_Vb1yBc,1167
jmeter568,eyJhbGciOiJIUzI1NiJ9.eyJzdWIiOiI1NjgiLCJ1c2VybmFtZSI6ImptZXRlcjU2OCIsImlhdCI6MTc4NjU0MTQ5MiwiZXhwIjoxNzg2NjI3ODkyfQ.mPj9SQxyxvEWvvk1ileBuV6qPc6EhDqXSOSoMcrLFes,1168
jmeter569,eyJhbGciOiJIUzI1NiJ9.eyJzdWIiOiI1NjkiLCJ1c2VybmFtZSI6ImptZXRlcjU2OSIsImlhdCI6MTc4NjU0MTQ5MiwiZXhwIjoxNzg2NjI3ODkyfQ.eTEaT4oIO00bRgcVqCtdkB5uPuWAEs6538488NtFU9c,1169
jmeter570,eyJhbGciOiJIUzI1NiJ9.eyJzdWIiOiI1NzAiLCJ1c2VybmFtZSI6ImptZXRlcjU3MCIsImlhdCI6MTc4NjU0MTQ5MiwiZXhwIjoxNzg2NjI3ODkyfQ.cboWL7mkGiCPLNk8yZO5GADPos1m5Q2Qa-DiT0fcxC0,1170
jmeter571,eyJhbGciOiJIUzI1NiJ9.eyJzdWIiOiI1NzEiLCJ1c2VybmFtZSI6ImptZXRlcjU3MSIsImlhdCI6MTc4NjU0MTQ5MiwiZXhwIjoxNzg2NjI3ODkyfQ.pdgflgvjhx-kB2zPC-xyxKQfA61EP8VkKaE0Vl_rpZ0,1171
jmeter572,eyJhbGciOiJIUzI1NiJ9.eyJzdWIiOiI1NzIiLCJ1c2VybmFtZSI6ImptZXRlcjU3MiIsImlhdCI6MTc4NjU0MTQ5MywiZXhwIjoxNzg2NjI3ODkzfQ.6ePZrAOUgHI0cIyCxfDMfiX4iQV_kC4KYo3B1MMg0_I,1172
jmeter573,eyJhbGciOiJIUzI1NiJ9.eyJzdWIiOiI1NzMiLCJ1c2VybmFtZSI6ImptZXRlcjU3MyIsImlhdCI6MTc4NjU0MTQ5MywiZXhwIjoxNzg2NjI3ODkzfQ.dl90KcvWndhxp9Bk9MowBPXeijgPoths19Mkb5636ew,1173
jmeter574,eyJhbGciOiJIUzI1NiJ9.eyJzdWIiOiI1NzQiLCJ1c2VybmFtZSI6ImptZXRlcjU3NCIsImlhdCI6MTc4NjU0MTQ5MywiZXhwIjoxNzg2NjI3ODkzfQ.itN-I2FDY4or2iPday4YXYW6Z4bA_ebQ76LRveCSEfE,1174
jmeter575,eyJhbGciOiJIUzI1NiJ9.eyJzdWIiOiI1NzUiLCJ1c2VybmFtZSI6ImptZXRlcjU3NSIsImlhdCI6MTc4NjU0MTQ5MywiZXhwIjoxNzg2NjI3ODkzfQ.V45y_NtLpZQqwDzf_nVUO1K7EjT6q63cMc5v6dS40no,1175
jmeter576,eyJhbGciOiJIUzI1NiJ9.eyJzdWIiOiI1NzYiLCJ1c2VybmFtZSI6ImptZXRlcjU3NiIsImlhdCI6MTc4NjU0MTQ5NCwiZXhwIjoxNzg2NjI3ODk0fQ.VVAX5j8SCY5TVSwxi3MPF5fPHGDldaD0hjQi8reX8hU,1176
jmeter577,eyJhbGciOiJIUzI1NiJ9.eyJzdWIiOiI1NzciLCJ1c2VybmFtZSI6ImptZXRlcjU3NyIsImlhdCI6MTc4NjU0MTQ5NCwiZXhwIjoxNzg2NjI3ODk0fQ.9qEbQbM9u4UBhbQ2VQhUFi_J72OZj9WvC_txyLhaPhg,1177
jmeter578,eyJhbGciOiJIUzI1NiJ9.eyJzdWIiOiI1NzgiLCJ1c2VybmFtZSI6ImptZXRlcjU3OCIsImlhdCI6MTc4NjU0MTQ5NCwiZXhwIjoxNzg2NjI3ODk0fQ.Fz1nrO3CPyV1stEnpobmXvgxtUXcVp5zWM6c9ZGV0wA,1178
jmeter579,eyJhbGciOiJIUzI1NiJ9.eyJzdWIiOiI1NzkiLCJ1c2VybmFtZSI6ImptZXRlcjU3OSIsImlhdCI6MTc4NjU0MTQ5NCwiZXhwIjoxNzg2NjI3ODk0fQ.wSRSEXczp_KnlCr9BpPUt1ViGl4wvUIysimS0crccw4,1179
jmeter580,eyJhbGciOiJIUzI1NiJ9.eyJzdWIiOiI1ODAiLCJ1c2VybmFtZSI6ImptZXRlcjU4MCIsImlhdCI6MTc4NjU0MTQ5NSwiZXhwIjoxNzg2NjI3ODk1fQ.qFGpBWYlZ2KqbNJhUU4Y_VrIs4z6fx8gYOO4zqRFlw4,1180
jmeter581,eyJhbGciOiJIUzI1NiJ9.eyJzdWIiOiI1ODEiLCJ1c2VybmFtZSI6ImptZXRlcjU4MSIsImlhdCI6MTc4NjU0MTQ5NSwiZXhwIjoxNzg2NjI3ODk1fQ.4SBp8fK-aRJwuXbajSSnuw6vBByLzCnJ0xcp2NtzCEI,1181
jmeter582,eyJhbGciOiJIUzI1NiJ9.eyJzdWIiOiI1ODIiLCJ1c2VybmFtZSI6ImptZXRlcjU4MiIsImlhdCI6MTc4NjU0MTQ5NSwiZXhwIjoxNzg2NjI3ODk1fQ.JbIeU_v4t5CbfWtE7G7Ndbai5YPtIh10OFICu3VFRI0,1182
jmeter583,eyJhbGciOiJIUzI1NiJ9.eyJzdWIiOiI1ODMiLCJ1c2VybmFtZSI6ImptZXRlcjU4MyIsImlhdCI6MTc4NjU0MTQ5NSwiZXhwIjoxNzg2NjI3ODk1fQ.r70hRurd7Usb7CwIqlijlcacFIBWFxvE2Rn9pQkzPM0,1183
jmeter584,eyJhbGciOiJIUzI1NiJ9.eyJzdWIiOiI1ODQiLCJ1c2VybmFtZSI6ImptZXRlcjU4NCIsImlhdCI6MTc4NjU0MTQ5NiwiZXhwIjoxNzg2NjI3ODk2fQ.wxR8Rs3IYrGq-NvMQJ7thlycmbfFoTn3tQVIb3U9WOA,1184
jmeter585,eyJhbGciOiJIUzI1NiJ9.eyJzdWIiOiI1ODUiLCJ1c2VybmFtZSI6ImptZXRlcjU4NSIsImlhdCI6MTc4NjU0MTQ5NiwiZXhwIjoxNzg2NjI3ODk2fQ.QKeXwX-yJ_SfSYK7o48ExU78SRG9dpZhu3JPWvc_dmM,1185
jmeter586,eyJhbGciOiJIUzI1NiJ9.eyJzdWIiOiI1ODYiLCJ1c2VybmFtZSI6ImptZXRlcjU4NiIsImlhdCI6MTc4NjU0MTQ5NiwiZXhwIjoxNzg2NjI3ODk2fQ.FgUapU4xxsVF8hClQJe3zT43OJLC7gBQivceJUTgFJE,1186
jmeter587,eyJhbGciOiJIUzI1NiJ9.eyJzdWIiOiI1ODciLCJ1c2VybmFtZSI6ImptZXRlcjU4NyIsImlhdCI6MTc4NjU0MTQ5NiwiZXhwIjoxNzg2NjI3ODk2fQ.sWeiC1ghFkd3LjPqssRTTVgQ2H3m46ZIVQ7g2YfjZoM,1187
jmeter588,eyJhbGciOiJIUzI1NiJ9.eyJzdWIiOiI1ODgiLCJ1c2VybmFtZSI6ImptZXRlcjU4OCIsImlhdCI6MTc4NjU0MTQ5NiwiZXhwIjoxNzg2NjI3ODk2fQ.EdO7hL_fWJxCP3YeaIFnaIge1QLs78XeDblGjy8I_P8,1188
jmeter589,eyJhbGciOiJIUzI1NiJ9.eyJzdWIiOiI1ODkiLCJ1c2VybmFtZSI6ImptZXRlcjU4OSIsImlhdCI6MTc4NjU0MTQ5NywiZXhwIjoxNzg2NjI3ODk3fQ.9rHnO7Vp4Rpwn81W2zlgO2XoWpQIKTlumdten-gEz_g,1189
jmeter590,eyJhbGciOiJIUzI1NiJ9.eyJzdWIiOiI1OTAiLCJ1c2VybmFtZSI6ImptZXRlcjU5MCIsImlhdCI6MTc4NjU0MTQ5NywiZXhwIjoxNzg2NjI3ODk3fQ.JwGIoYzPjXDadMQ0tCrMJ1Z66xoSlgg8H9qlJ2WdGM4,1190
jmeter591,eyJhbGciOiJIUzI1NiJ9.eyJzdWIiOiI1OTEiLCJ1c2VybmFtZSI6ImptZXRlcjU5MSIsImlhdCI6MTc4NjU0MTQ5NywiZXhwIjoxNzg2NjI3ODk3fQ.5c6YMp1NhAZmALnU1zS6_0La4WMj7SBZyoXAL2vM6LQ,1191
jmeter592,eyJhbGciOiJIUzI1NiJ9.eyJzdWIiOiI1OTIiLCJ1c2VybmFtZSI6ImptZXRlcjU5MiIsImlhdCI6MTc4NjU0MTQ5NywiZXhwIjoxNzg2NjI3ODk3fQ.bH8Qi7olS6-1pFwRngoid0Dj6NA7st1E0vlif4YnieY,1192
jmeter593,eyJhbGciOiJIUzI1NiJ9.eyJzdWIiOiI1OTMiLCJ1c2VybmFtZSI6ImptZXRlcjU5MyIsImlhdCI6MTc4NjU0MTQ5OCwiZXhwIjoxNzg2NjI3ODk4fQ.s3r-CrUq8yAR96bXQPLCgjfVmaP78Ny8ikj0c7q43rw,1193
jmeter594,eyJhbGciOiJIUzI1NiJ9.eyJzdWIiOiI1OTQiLCJ1c2VybmFtZSI6ImptZXRlcjU5NCIsImlhdCI6MTc4NjU0MTQ5OCwiZXhwIjoxNzg2NjI3ODk4fQ.btPzGmeY4cAClMWUAi-6ukf05lP0WqjvooCZ98r7F8k,1194
jmeter595,eyJhbGciOiJIUzI1NiJ9.eyJzdWIiOiI1OTUiLCJ1c2VybmFtZSI6ImptZXRlcjU5NSIsImlhdCI6MTc4NjU0MTQ5OCwiZXhwIjoxNzg2NjI3ODk4fQ.J_KSW--ErbPai1uchYec8QMzk1AwI1-cRH0mta6xvEc,1195
jmeter596,eyJhbGciOiJIUzI1NiJ9.eyJzdWIiOiI1OTYiLCJ1c2VybmFtZSI6ImptZXRlcjU5NiIsImlhdCI6MTc4NjU0MTQ5OCwiZXhwIjoxNzg2NjI3ODk4fQ.d5e6KbMvUeTPHzhMhv142rnPNXSRDtlDPh_sjbRee8s,1196
jmeter597,eyJhbGciOiJIUzI1NiJ9.eyJzdWIiOiI1OTciLCJ1c2VybmFtZSI6ImptZXRlcjU5NyIsImlhdCI6MTc4NjU0MTQ5OSwiZXhwIjoxNzg2NjI3ODk5fQ.jZE1L9XFrvHEmrJ9OO8lfFhkRVfm9XS6l2yV_G5Cul4,1197
jmeter598,eyJhbGciOiJIUzI1NiJ9.eyJzdWIiOiI1OTgiLCJ1c2VybmFtZSI6ImptZXRlcjU5OCIsImlhdCI6MTc4NjU0MTQ5OSwiZXhwIjoxNzg2NjI3ODk5fQ.tZ_pIznbqyao0FIFcTSRPaxAZpEv_SIn5MVMbeoaYlc,1198
jmeter599,eyJhbGciOiJIUzI1NiJ9.eyJzdWIiOiI1OTkiLCJ1c2VybmFtZSI6ImptZXRlcjU5OSIsImlhdCI6MTc4NjU0MTQ5OSwiZXhwIjoxNzg2NjI3ODk5fQ.jlp5VJURhXijcfxLuvK_s_fK8rmsE0714qbrBggV4LY,1199
jmeter600,eyJhbGciOiJIUzI1NiJ9.eyJzdWIiOiI2MDAiLCJ1c2VybmFtZSI6ImptZXRlcjYwMCIsImlhdCI6MTc4NjU0MTQ5OSwiZXhwIjoxNzg2NjI3ODk5fQ.kf2fIbOvuJQ5xLr4QRHK2gxuXdYSeAn5SP8O9p4XLhY,1200
jmeter601,eyJhbGciOiJIUzI1NiJ9.eyJzdWIiOiI2MDEiLCJ1c2VybmFtZSI6ImptZXRlcjYwMSIsImlhdCI6MTc4NjU0MTQ5OSwiZXhwIjoxNzg2NjI3ODk5fQ.Vg1eCyCezPvUl3KVBfjCJ6RoeKJT0IXfpTiwqYKVYYY,1201
jmeter602,eyJhbGciOiJIUzI1NiJ9.eyJzdWIiOiI2MDIiLCJ1c2VybmFtZSI6ImptZXRlcjYwMiIsImlhdCI6MTc4NjU0MTUwMCwiZXhwIjoxNzg2NjI3OTAwfQ.knDaw0H8mk_ZCycbI1UqzcrqiAMrcWAdHWZ5rS6zxIQ,1202
jmeter603,eyJhbGciOiJIUzI1NiJ9.eyJzdWIiOiI2MDMiLCJ1c2VybmFtZSI6ImptZXRlcjYwMyIsImlhdCI6MTc4NjU0MTUwMCwiZXhwIjoxNzg2NjI3OTAwfQ.C0t4Rb3tRGOVs90g45-9PABaVozjKb-hVi26Ai4ppy4,1203
jmeter604,eyJhbGciOiJIUzI1NiJ9.eyJzdWIiOiI2MDQiLCJ1c2VybmFtZSI6ImptZXRlcjYwNCIsImlhdCI6MTc4NjU0MTUwMCwiZXhwIjoxNzg2NjI3OTAwfQ.2H9P_mk6XmGhaPZGtwlmRAdH9s1H4je2EyktnVuQ2FY,1204
jmeter605,eyJhbGciOiJIUzI1NiJ9.eyJzdWIiOiI2MDUiLCJ1c2VybmFtZSI6ImptZXRlcjYwNSIsImlhdCI6MTc4NjU0MTUwMCwiZXhwIjoxNzg2NjI3OTAwfQ.8J2cyhZSmmRqD-IKUZsEv_ZY5DbTLrUmeGF50HtHoQM,1205
jmeter606,eyJhbGciOiJIUzI1NiJ9.eyJzdWIiOiI2MDYiLCJ1c2VybmFtZSI6ImptZXRlcjYwNiIsImlhdCI6MTc4NjU0MTUwMSwiZXhwIjoxNzg2NjI3OTAxfQ.-oGr5xzdxKkrSsEP0J594G-a5cTlhoBcapJazcX-wKw,1206
jmeter607,eyJhbGciOiJIUzI1NiJ9.eyJzdWIiOiI2MDciLCJ1c2VybmFtZSI6ImptZXRlcjYwNyIsImlhdCI6MTc4NjU0MTUwMSwiZXhwIjoxNzg2NjI3OTAxfQ.sWOTuIjYwMjgkZLNp1bcjGwM8naIleFiPtDah6-LB78,1207
jmeter608,eyJhbGciOiJIUzI1NiJ9.eyJzdWIiOiI2MDgiLCJ1c2VybmFtZSI6ImptZXRlcjYwOCIsImlhdCI6MTc4NjU0MTUwMSwiZXhwIjoxNzg2NjI3OTAxfQ.mk1sA1wDWE74ZudRiefy9zloFmHO0T0fEBYXnwhJC7Y,1208
jmeter609,eyJhbGciOiJIUzI1NiJ9.eyJzdWIiOiI2MDkiLCJ1c2VybmFtZSI6ImptZXRlcjYwOSIsImlhdCI6MTc4NjU0MTUwMSwiZXhwIjoxNzg2NjI3OTAxfQ.SX9AxszyKGQ3vIYs0M7ws0JWWcgq6a_WUuVJr9Q_Wzk,1209
jmeter610,eyJhbGciOiJIUzI1NiJ9.eyJzdWIiOiI2MTAiLCJ1c2VybmFtZSI6ImptZXRlcjYxMCIsImlhdCI6MTc4NjU0MTUwMiwiZXhwIjoxNzg2NjI3OTAyfQ.nc9e8yv9Iv9J9HaDEu3XVMmAl8LLewUK1EEy35-3FWY,1210
jmeter611,eyJhbGciOiJIUzI1NiJ9.eyJzdWIiOiI2MTEiLCJ1c2VybmFtZSI6ImptZXRlcjYxMSIsImlhdCI6MTc4NjU0MTUwMiwiZXhwIjoxNzg2NjI3OTAyfQ.P_CG5MRy0WyG73yZ2xcJR27v3IA86xI10vxD02gYZH4,1211
jmeter612,eyJhbGciOiJIUzI1NiJ9.eyJzdWIiOiI2MTIiLCJ1c2VybmFtZSI6ImptZXRlcjYxMiIsImlhdCI6MTc4NjU0MTUwMiwiZXhwIjoxNzg2NjI3OTAyfQ.W4_vL5a0vOe8jMe8uTFOGYdBbqvX7mP76hJrLyMiyNg,1212
jmeter613,eyJhbGciOiJIUzI1NiJ9.eyJzdWIiOiI2MTMiLCJ1c2VybmFtZSI6ImptZXRlcjYxMyIsImlhdCI6MTc4NjU0MTUwMiwiZXhwIjoxNzg2NjI3OTAyfQ.odegJXkGnUiy4BeoKioK8DKUytW3qRCIobqhov4aZK8,1213
jmeter614,eyJhbGciOiJIUzI1NiJ9.eyJzdWIiOiI2MTQiLCJ1c2VybmFtZSI6ImptZXRlcjYxNCIsImlhdCI6MTc4NjU0MTUwMywiZXhwIjoxNzg2NjI3OTAzfQ.yjv51R6dHzcB4ru5UQFFzz1yCpHMOqMPQW999ihsxhw,1214
jmeter615,eyJhbGciOiJIUzI1NiJ9.eyJzdWIiOiI2MTUiLCJ1c2VybmFtZSI6ImptZXRlcjYxNSIsImlhdCI6MTc4NjU0MTUwMywiZXhwIjoxNzg2NjI3OTAzfQ.2SYW2RJaO6_eLHtV8kinelQdBb8P-gepIwQMPU3JGEQ,1215
jmeter616,eyJhbGciOiJIUzI1NiJ9.eyJzdWIiOiI2MTYiLCJ1c2VybmFtZSI6ImptZXRlcjYxNiIsImlhdCI6MTc4NjU0MTUwMywiZXhwIjoxNzg2NjI3OTAzfQ.HAWOV9JLk9mRny48TZa9t-ZAc954jCmcFEQVF7vA-Ek,1216
jmeter617,eyJhbGciOiJIUzI1NiJ9.eyJzdWIiOiI2MTciLCJ1c2VybmFtZSI6ImptZXRlcjYxNyIsImlhdCI6MTc4NjU0MTUwMywiZXhwIjoxNzg2NjI3OTAzfQ.kVjGp5h_OXI5_OGRD0mIp5MCInUpGEV407geDJgHavs,1217
jmeter618,eyJhbGciOiJIUzI1NiJ9.eyJzdWIiOiI2MTgiLCJ1c2VybmFtZSI6ImptZXRlcjYxOCIsImlhdCI6MTc4NjU0MTUwNCwiZXhwIjoxNzg2NjI3OTA0fQ.JrhtELoqKVpiAJLz6NLbbVn7yN2wohRmctBOOZwcrc0,1218
jmeter619,eyJhbGciOiJIUzI1NiJ9.eyJzdWIiOiI2MTkiLCJ1c2VybmFtZSI6ImptZXRlcjYxOSIsImlhdCI6MTc4NjU0MTUwNCwiZXhwIjoxNzg2NjI3OTA0fQ.5FOXEguvI8L9-VbUVmew6vt2Je_7zUPU8qrGRuJUPHo,1219
jmeter620,eyJhbGciOiJIUzI1NiJ9.eyJzdWIiOiI2MjAiLCJ1c2VybmFtZSI6ImptZXRlcjYyMCIsImlhdCI6MTc4NjU0MTUwNCwiZXhwIjoxNzg2NjI3OTA0fQ.uC6BC_ePjI6KZB8ojOX-Fyi7mGBxl4BvKHu5hRuidL0,1220
jmeter621,eyJhbGciOiJIUzI1NiJ9.eyJzdWIiOiI2MjEiLCJ1c2VybmFtZSI6ImptZXRlcjYyMSIsImlhdCI6MTc4NjU0MTUwNCwiZXhwIjoxNzg2NjI3OTA0fQ.zyN8HoPX3MtX29xgi_ZXhX-FNUiJkcyTTU1f4J3LfUI,1221
jmeter622,eyJhbGciOiJIUzI1NiJ9.eyJzdWIiOiI2MjIiLCJ1c2VybmFtZSI6ImptZXRlcjYyMiIsImlhdCI6MTc4NjU0MTUwNSwiZXhwIjoxNzg2NjI3OTA1fQ.8hZvkceDzwqlXNePSDNar6UIQ3-5A3hT7o-R1ESVqBU,1222
jmeter623,eyJhbGciOiJIUzI1NiJ9.eyJzdWIiOiI2MjMiLCJ1c2VybmFtZSI6ImptZXRlcjYyMyIsImlhdCI6MTc4NjU0MTUwNSwiZXhwIjoxNzg2NjI3OTA1fQ.-3GtUWHjkij9oV7WOMcpAufCF0lExJGaZD7K-F4nFDY,1223
jmeter624,eyJhbGciOiJIUzI1NiJ9.eyJzdWIiOiI2MjQiLCJ1c2VybmFtZSI6ImptZXRlcjYyNCIsImlhdCI6MTc4NjU0MTUwNSwiZXhwIjoxNzg2NjI3OTA1fQ.HsS5Gs0XfW1OfA1melowosmsbxdzYm4lTZ3AGWakvl8,1224
jmeter625,eyJhbGciOiJIUzI1NiJ9.eyJzdWIiOiI2MjUiLCJ1c2VybmFtZSI6ImptZXRlcjYyNSIsImlhdCI6MTc4NjU0MTUwNSwiZXhwIjoxNzg2NjI3OTA1fQ.3YP6rO9o-aqvoQR-7UaZWG36htwUZKWtVCYaa5OLQiU,1225
jmeter626,eyJhbGciOiJIUzI1NiJ9.eyJzdWIiOiI2MjYiLCJ1c2VybmFtZSI6ImptZXRlcjYyNiIsImlhdCI6MTc4NjU0MTUwNiwiZXhwIjoxNzg2NjI3OTA2fQ.b0Np_4WUrZG_Q24USig59bqKDYN-ZY6-Okzb1rIrQ2U,1226
jmeter627,eyJhbGciOiJIUzI1NiJ9.eyJzdWIiOiI2MjciLCJ1c2VybmFtZSI6ImptZXRlcjYyNyIsImlhdCI6MTc4NjU0MTUwNiwiZXhwIjoxNzg2NjI3OTA2fQ.eoYA-Ej87DnnJv6SebUk8W7UqN50ROha-DL5AI0SbcU,1227
jmeter628,eyJhbGciOiJIUzI1NiJ9.eyJzdWIiOiI2MjgiLCJ1c2VybmFtZSI6ImptZXRlcjYyOCIsImlhdCI6MTc4NjU0MTUwNiwiZXhwIjoxNzg2NjI3OTA2fQ.8HWmUIQ2rxAjieslyGuPUM1k8No8E-jjynVp_D_ALlg,1228
jmeter629,eyJhbGciOiJIUzI1NiJ9.eyJzdWIiOiI2MjkiLCJ1c2VybmFtZSI6ImptZXRlcjYyOSIsImlhdCI6MTc4NjU0MTUwNiwiZXhwIjoxNzg2NjI3OTA2fQ.2FmAur6HZbd60L0xIagYEW3sm1QMhShq_pS06VnMt3I,1229
jmeter630,eyJhbGciOiJIUzI1NiJ9.eyJzdWIiOiI2MzAiLCJ1c2VybmFtZSI6ImptZXRlcjYzMCIsImlhdCI6MTc4NjU0MTUwNywiZXhwIjoxNzg2NjI3OTA3fQ.zkoq-6dHrAi83uyNpNP-3l9s-peLI8WHvCCUzgvmfYE,1230
jmeter631,eyJhbGciOiJIUzI1NiJ9.eyJzdWIiOiI2MzEiLCJ1c2VybmFtZSI6ImptZXRlcjYzMSIsImlhdCI6MTc4NjU0MTUwNywiZXhwIjoxNzg2NjI3OTA3fQ.nrT20110LvshuEE3B8T0MWZjz0Q5C3LOzN9rDqmYoVs,1231
jmeter632,eyJhbGciOiJIUzI1NiJ9.eyJzdWIiOiI2MzIiLCJ1c2VybmFtZSI6ImptZXRlcjYzMiIsImlhdCI6MTc4NjU0MTUwNywiZXhwIjoxNzg2NjI3OTA3fQ.5CsWqrwlkwqUpiK5Fg1Rv5jCdEd_HMovUAI1FmbWMHI,1232
jmeter633,eyJhbGciOiJIUzI1NiJ9.eyJzdWIiOiI2MzMiLCJ1c2VybmFtZSI6ImptZXRlcjYzMyIsImlhdCI6MTc4NjU0MTUwNywiZXhwIjoxNzg2NjI3OTA3fQ.qroDSXXdENMbwJnByP5Z2kELZf8Pe0kZ4NVtnhnnkg0,1233
jmeter634,eyJhbGciOiJIUzI1NiJ9.eyJzdWIiOiI2MzQiLCJ1c2VybmFtZSI6ImptZXRlcjYzNCIsImlhdCI6MTc4NjU0MTUwNywiZXhwIjoxNzg2NjI3OTA3fQ.c7GQi_ZONwrd8rvMGseS_PDe-LZpLarDFx8Q7zwwOiM,1234
jmeter635,eyJhbGciOiJIUzI1NiJ9.eyJzdWIiOiI2MzUiLCJ1c2VybmFtZSI6ImptZXRlcjYzNSIsImlhdCI6MTc4NjU0MTUwOCwiZXhwIjoxNzg2NjI3OTA4fQ.CKHv_WNkh_JkZe93Aeto5tm-BaKPPr05q-ih6ssRm4k,1235
jmeter636,eyJhbGciOiJIUzI1NiJ9.eyJzdWIiOiI2MzYiLCJ1c2VybmFtZSI6ImptZXRlcjYzNiIsImlhdCI6MTc4NjU0MTUwOCwiZXhwIjoxNzg2NjI3OTA4fQ.TA34qSMS5LwCkutmzw8mKfVv-L3s7G5RDcBoS4MLbrI,1236
jmeter637,eyJhbGciOiJIUzI1NiJ9.eyJzdWIiOiI2MzciLCJ1c2VybmFtZSI6ImptZXRlcjYzNyIsImlhdCI6MTc4NjU0MTUwOCwiZXhwIjoxNzg2NjI3OTA4fQ.OcKKEhzOVCaXH4sE0TyfcJ2hxo7Mvs_3Wp307EaVvmI,1237
jmeter638,eyJhbGciOiJIUzI1NiJ9.eyJzdWIiOiI2MzgiLCJ1c2VybmFtZSI6ImptZXRlcjYzOCIsImlhdCI6MTc4NjU0MTUwOCwiZXhwIjoxNzg2NjI3OTA4fQ.wmOeTMcVOIg_7g2nUQOjUYIIObAwUXoWZ6cYxeU8AVo,1238
jmeter639,eyJhbGciOiJIUzI1NiJ9.eyJzdWIiOiI2MzkiLCJ1c2VybmFtZSI6ImptZXRlcjYzOSIsImlhdCI6MTc4NjU0MTUwOSwiZXhwIjoxNzg2NjI3OTA5fQ.Q2Uv0vpayqAEAGhZPDUQkKgZBPx1cCKUlzFL3ViHk0U,1239
jmeter640,eyJhbGciOiJIUzI1NiJ9.eyJzdWIiOiI2NDAiLCJ1c2VybmFtZSI6ImptZXRlcjY0MCIsImlhdCI6MTc4NjU0MTUwOSwiZXhwIjoxNzg2NjI3OTA5fQ.u8ieb2lSnRT_Bgg_J86eeO4PbjqJsPjev5cBLeQxAeo,1240
jmeter641,eyJhbGciOiJIUzI1NiJ9.eyJzdWIiOiI2NDEiLCJ1c2VybmFtZSI6ImptZXRlcjY0MSIsImlhdCI6MTc4NjU0MTUwOSwiZXhwIjoxNzg2NjI3OTA5fQ.6zpXHiDyKXEEPsZr2JFOUitmJ3lTptYTitKRYJFU8eY,1241
jmeter642,eyJhbGciOiJIUzI1NiJ9.eyJzdWIiOiI2NDIiLCJ1c2VybmFtZSI6ImptZXRlcjY0MiIsImlhdCI6MTc4NjU0MTUwOSwiZXhwIjoxNzg2NjI3OTA5fQ.wfbdNDs2CKgVUtsihU-1FSQCDcfG_LR6osq09rZXXwE,1242
jmeter643,eyJhbGciOiJIUzI1NiJ9.eyJzdWIiOiI2NDMiLCJ1c2VybmFtZSI6ImptZXRlcjY0MyIsImlhdCI6MTc4NjU0MTUxMCwiZXhwIjoxNzg2NjI3OTEwfQ.6UVKFp92K7thcCEh-WSpkiJ3L-5MPjaPKGl4E7ltuFA,1243
jmeter644,eyJhbGciOiJIUzI1NiJ9.eyJzdWIiOiI2NDQiLCJ1c2VybmFtZSI6ImptZXRlcjY0NCIsImlhdCI6MTc4NjU0MTUxMCwiZXhwIjoxNzg2NjI3OTEwfQ.LM-gvPaYBGmu0xN4C1fdm_wB-r9hN-4cAWY99ru4l9I,1244
jmeter645,eyJhbGciOiJIUzI1NiJ9.eyJzdWIiOiI2NDUiLCJ1c2VybmFtZSI6ImptZXRlcjY0NSIsImlhdCI6MTc4NjU0MTUxMCwiZXhwIjoxNzg2NjI3OTEwfQ.6hg3pX6jk16O1NKy7N635qQiEjx-CCgyT4luvXNR1iA,1245
jmeter646,eyJhbGciOiJIUzI1NiJ9.eyJzdWIiOiI2NDYiLCJ1c2VybmFtZSI6ImptZXRlcjY0NiIsImlhdCI6MTc4NjU0MTUxMCwiZXhwIjoxNzg2NjI3OTEwfQ.R0b03xTNHbo4hLZ1v30D1woFPAfUccgjPuN6X3PTwdo,1246
jmeter647,eyJhbGciOiJIUzI1NiJ9.eyJzdWIiOiI2NDciLCJ1c2VybmFtZSI6ImptZXRlcjY0NyIsImlhdCI6MTc4NjU0MTUxMSwiZXhwIjoxNzg2NjI3OTExfQ.wGJJm0562sopbtc1_2yXfIQ3pFAxwA8xofbQXnHcWAg,1247
jmeter648,eyJhbGciOiJIUzI1NiJ9.eyJzdWIiOiI2NDgiLCJ1c2VybmFtZSI6ImptZXRlcjY0OCIsImlhdCI6MTc4NjU0MTUxMSwiZXhwIjoxNzg2NjI3OTExfQ.FNyA3Xf0AWmotZIJzqmwo2IaKAjXCRmp9YOa8EQH_9c,1248
jmeter649,eyJhbGciOiJIUzI1NiJ9.eyJzdWIiOiI2NDkiLCJ1c2VybmFtZSI6ImptZXRlcjY0OSIsImlhdCI6MTc4NjU0MTUxMSwiZXhwIjoxNzg2NjI3OTExfQ.zKedA1jQytdnn3xL3FlDPVB8-lbURgHklk6WKOWknew,1249
jmeter650,eyJhbGciOiJIUzI1NiJ9.eyJzdWIiOiI2NTAiLCJ1c2VybmFtZSI6ImptZXRlcjY1MCIsImlhdCI6MTc4NjU0MTUxMSwiZXhwIjoxNzg2NjI3OTExfQ.bZu3GN6iTJDhLrC_AZjbgN5mThDN1S0h4CdkBtz4NY8,1250
jmeter651,eyJhbGciOiJIUzI1NiJ9.eyJzdWIiOiI2NTEiLCJ1c2VybmFtZSI6ImptZXRlcjY1MSIsImlhdCI6MTc4NjU0MTUxMiwiZXhwIjoxNzg2NjI3OTEyfQ.meEFD1GqTUsrs9e9V0MDjoCzBoD5e2VooqZ8j9IK8v0,1251
jmeter652,eyJhbGciOiJIUzI1NiJ9.eyJzdWIiOiI2NTIiLCJ1c2VybmFtZSI6ImptZXRlcjY1MiIsImlhdCI6MTc4NjU0MTUxMiwiZXhwIjoxNzg2NjI3OTEyfQ.SNLZPnfLSxN0DWGwHZUr8SPImdB0MtCsVJcTH_kAHCQ,1252
jmeter653,eyJhbGciOiJIUzI1NiJ9.eyJzdWIiOiI2NTMiLCJ1c2VybmFtZSI6ImptZXRlcjY1MyIsImlhdCI6MTc4NjU0MTUxMiwiZXhwIjoxNzg2NjI3OTEyfQ.J-UyNK0onVl9uLPz8fGOuNKYudf09ZSxWA2yu_03KqU,1253
jmeter654,eyJhbGciOiJIUzI1NiJ9.eyJzdWIiOiI2NTQiLCJ1c2VybmFtZSI6ImptZXRlcjY1NCIsImlhdCI6MTc4NjU0MTUxMiwiZXhwIjoxNzg2NjI3OTEyfQ.7frPY6MZclXHFbDHq40EVWkLseEUMoLyRl87f-DupRw,1254
jmeter655,eyJhbGciOiJIUzI1NiJ9.eyJzdWIiOiI2NTUiLCJ1c2VybmFtZSI6ImptZXRlcjY1NSIsImlhdCI6MTc4NjU0MTUxMiwiZXhwIjoxNzg2NjI3OTEyfQ.5-JmOjrD-CX3WIZX1vQlFGQNq9e6fpNtuKoWrE-H2w0,1255
jmeter656,eyJhbGciOiJIUzI1NiJ9.eyJzdWIiOiI2NTYiLCJ1c2VybmFtZSI6ImptZXRlcjY1NiIsImlhdCI6MTc4NjU0MTUxMywiZXhwIjoxNzg2NjI3OTEzfQ.a_RoCCkWVqkMG48oRlcCbTyFuY9JmQ1twC8vJV5bWZs,1256
jmeter657,eyJhbGciOiJIUzI1NiJ9.eyJzdWIiOiI2NTciLCJ1c2VybmFtZSI6ImptZXRlcjY1NyIsImlhdCI6MTc4NjU0MTUxMywiZXhwIjoxNzg2NjI3OTEzfQ.DpzC6mfTdrsI3-n817qAi_SAZNzxWnAEv1k5s050ZPI,1257
jmeter658,eyJhbGciOiJIUzI1NiJ9.eyJzdWIiOiI2NTgiLCJ1c2VybmFtZSI6ImptZXRlcjY1OCIsImlhdCI6MTc4NjU0MTUxMywiZXhwIjoxNzg2NjI3OTEzfQ.SjYUrA0wLnICPiCxs973zKP6_3BvXjM_St9Swjy2eCg,1258
jmeter659,eyJhbGciOiJIUzI1NiJ9.eyJzdWIiOiI2NTkiLCJ1c2VybmFtZSI6ImptZXRlcjY1OSIsImlhdCI6MTc4NjU0MTUxMywiZXhwIjoxNzg2NjI3OTEzfQ.w2oG7trlHEuzCiEoi8-fki6K9OwNd1mToQeZuyeTPd0,1259
jmeter660,eyJhbGciOiJIUzI1NiJ9.eyJzdWIiOiI2NjAiLCJ1c2VybmFtZSI6ImptZXRlcjY2MCIsImlhdCI6MTc4NjU0MTUxNCwiZXhwIjoxNzg2NjI3OTE0fQ.PRc9Vwuj45sD3Vaci3tPTmSsxN__0NQAfRRGn4pHdnA,1260
jmeter661,eyJhbGciOiJIUzI1NiJ9.eyJzdWIiOiI2NjEiLCJ1c2VybmFtZSI6ImptZXRlcjY2MSIsImlhdCI6MTc4NjU0MTUxNCwiZXhwIjoxNzg2NjI3OTE0fQ.lpxfuoZeogCEmZZrbavvRULtEUYIR_F185Y21M38__c,1261
jmeter662,eyJhbGciOiJIUzI1NiJ9.eyJzdWIiOiI2NjIiLCJ1c2VybmFtZSI6ImptZXRlcjY2MiIsImlhdCI6MTc4NjU0MTUxNCwiZXhwIjoxNzg2NjI3OTE0fQ.gJOwianV1Hmq1K9ViAUdH-Y356l7Rxyt0XJwZ6xFzR8,1262
jmeter663,eyJhbGciOiJIUzI1NiJ9.eyJzdWIiOiI2NjMiLCJ1c2VybmFtZSI6ImptZXRlcjY2MyIsImlhdCI6MTc4NjU0MTUxNCwiZXhwIjoxNzg2NjI3OTE0fQ.XMtOyC7wkcSFFLKdrJJlyR59NYSL4SvLkv6TiSS63rQ,1263
jmeter664,eyJhbGciOiJIUzI1NiJ9.eyJzdWIiOiI2NjQiLCJ1c2VybmFtZSI6ImptZXRlcjY2NCIsImlhdCI6MTc4NjU0MTUxNSwiZXhwIjoxNzg2NjI3OTE1fQ.-8q3ZZBdcUO_Kfy_7PupW4SsgUmWJBMZeHVcUY_LA9Y,1264
jmeter665,eyJhbGciOiJIUzI1NiJ9.eyJzdWIiOiI2NjUiLCJ1c2VybmFtZSI6ImptZXRlcjY2NSIsImlhdCI6MTc4NjU0MTUxNSwiZXhwIjoxNzg2NjI3OTE1fQ.Fw0KTCntGnU_Wcz09fpgzOncQzwJEDhF0Wl1FdZUh1c,1265
jmeter666,eyJhbGciOiJIUzI1NiJ9.eyJzdWIiOiI2NjYiLCJ1c2VybmFtZSI6ImptZXRlcjY2NiIsImlhdCI6MTc4NjU0MTUxNSwiZXhwIjoxNzg2NjI3OTE1fQ.eo4wIg_5qiNRsoyDWlDE6ZM_TBaMZqD1nHSqxnPh9nE,1266
jmeter667,eyJhbGciOiJIUzI1NiJ9.eyJzdWIiOiI2NjciLCJ1c2VybmFtZSI6ImptZXRlcjY2NyIsImlhdCI6MTc4NjU0MTUxNSwiZXhwIjoxNzg2NjI3OTE1fQ.AK6k2B3sVfJTienuOi45X_J-yRPLf9gcZKOMgDUy7cQ,1267
jmeter668,eyJhbGciOiJIUzI1NiJ9.eyJzdWIiOiI2NjgiLCJ1c2VybmFtZSI6ImptZXRlcjY2OCIsImlhdCI6MTc4NjU0MTUxNiwiZXhwIjoxNzg2NjI3OTE2fQ.q1NDEMDWkMKh3jwQWswWDxTwpyvbkiFB_XrQCW1ijos,1268
jmeter669,eyJhbGciOiJIUzI1NiJ9.eyJzdWIiOiI2NjkiLCJ1c2VybmFtZSI6ImptZXRlcjY2OSIsImlhdCI6MTc4NjU0MTUxNiwiZXhwIjoxNzg2NjI3OTE2fQ.wF7fGotZ2KQTrsvPZTLhef48ZKJrNMVj7sdTEbm6oiI,1269
jmeter670,eyJhbGciOiJIUzI1NiJ9.eyJzdWIiOiI2NzAiLCJ1c2VybmFtZSI6ImptZXRlcjY3MCIsImlhdCI6MTc4NjU0MTUxNiwiZXhwIjoxNzg2NjI3OTE2fQ.q7HFSekm-YXcUqVgO-4TuSTYY4fHVaj1TDyIqdHIwCo,1270
jmeter671,eyJhbGciOiJIUzI1NiJ9.eyJzdWIiOiI2NzEiLCJ1c2VybmFtZSI6ImptZXRlcjY3MSIsImlhdCI6MTc4NjU0MTUxNiwiZXhwIjoxNzg2NjI3OTE2fQ.17pRlzS5S8ZHB8IOcvqT67GsLPQThep-A99KlGVFR50,1271
jmeter672,eyJhbGciOiJIUzI1NiJ9.eyJzdWIiOiI2NzIiLCJ1c2VybmFtZSI6ImptZXRlcjY3MiIsImlhdCI6MTc4NjU0MTUxNywiZXhwIjoxNzg2NjI3OTE3fQ.qDK-d5RTnPNf51mXHPuQGUK6dNtDRjf-7ZFsfqCGRgQ,1272
jmeter673,eyJhbGciOiJIUzI1NiJ9.eyJzdWIiOiI2NzMiLCJ1c2VybmFtZSI6ImptZXRlcjY3MyIsImlhdCI6MTc4NjU0MTUxNywiZXhwIjoxNzg2NjI3OTE3fQ.c84pxXxOBSJlTucs83WqHaeoLKAiwWGF2FCSnlS65AI,1273
jmeter674,eyJhbGciOiJIUzI1NiJ9.eyJzdWIiOiI2NzQiLCJ1c2VybmFtZSI6ImptZXRlcjY3NCIsImlhdCI6MTc4NjU0MTUxNywiZXhwIjoxNzg2NjI3OTE3fQ.2Euyea3ZGsmFt5Ur37MwbFzN0gKLw9xYCmpyeO6x_Fc,1274
jmeter675,eyJhbGciOiJIUzI1NiJ9.eyJzdWIiOiI2NzUiLCJ1c2VybmFtZSI6ImptZXRlcjY3NSIsImlhdCI6MTc4NjU0MTUxNywiZXhwIjoxNzg2NjI3OTE3fQ.DeAvmuDLC8Hdn36Nehr35eBy00bTW7QnA24oCGgCKZ0,1275
jmeter676,eyJhbGciOiJIUzI1NiJ9.eyJzdWIiOiI2NzYiLCJ1c2VybmFtZSI6ImptZXRlcjY3NiIsImlhdCI6MTc4NjU0MTUxNywiZXhwIjoxNzg2NjI3OTE3fQ.DQGw5PCXP99bFwgpbisNlWGaW7rLn1TT69hlpSx3lRw,1276
jmeter677,eyJhbGciOiJIUzI1NiJ9.eyJzdWIiOiI2NzciLCJ1c2VybmFtZSI6ImptZXRlcjY3NyIsImlhdCI6MTc4NjU0MTUxOCwiZXhwIjoxNzg2NjI3OTE4fQ.UH0GZslCibvb3Mmt0NBmDqaA_y1W7_5CuDNeLlDQg9M,1277
jmeter678,eyJhbGciOiJIUzI1NiJ9.eyJzdWIiOiI2NzgiLCJ1c2VybmFtZSI6ImptZXRlcjY3OCIsImlhdCI6MTc4NjU0MTUxOCwiZXhwIjoxNzg2NjI3OTE4fQ.CjVKQKW4gTRsZAP_euNPNbaNQiuoDEuEnfea_RNUCvE,1278
jmeter679,eyJhbGciOiJIUzI1NiJ9.eyJzdWIiOiI2NzkiLCJ1c2VybmFtZSI6ImptZXRlcjY3OSIsImlhdCI6MTc4NjU0MTUxOCwiZXhwIjoxNzg2NjI3OTE4fQ.rK_vJZOZxWvm6Z25GbfVDjPIrPqvRshH-K4ZdRFlbPk,1279
jmeter680,eyJhbGciOiJIUzI1NiJ9.eyJzdWIiOiI2ODAiLCJ1c2VybmFtZSI6ImptZXRlcjY4MCIsImlhdCI6MTc4NjU0MTUxOCwiZXhwIjoxNzg2NjI3OTE4fQ.PCF_nW0p5y_laxxLE5GftGZ1VbFu_GteO4wr9iG-FH0,1280
jmeter681,eyJhbGciOiJIUzI1NiJ9.eyJzdWIiOiI2ODEiLCJ1c2VybmFtZSI6ImptZXRlcjY4MSIsImlhdCI6MTc4NjU0MTUxOSwiZXhwIjoxNzg2NjI3OTE5fQ.nsgk0-0rrCTq-711YYQly8Kwyguj1F7p50Wseg9tA6w,1281
jmeter682,eyJhbGciOiJIUzI1NiJ9.eyJzdWIiOiI2ODIiLCJ1c2VybmFtZSI6ImptZXRlcjY4MiIsImlhdCI6MTc4NjU0MTUxOSwiZXhwIjoxNzg2NjI3OTE5fQ.3qPh7RR_cb-GPwNLNmmgtpk998jrZD99fyVkgcSQmLo,1282
jmeter683,eyJhbGciOiJIUzI1NiJ9.eyJzdWIiOiI2ODMiLCJ1c2VybmFtZSI6ImptZXRlcjY4MyIsImlhdCI6MTc4NjU0MTUxOSwiZXhwIjoxNzg2NjI3OTE5fQ.iMZXhvD9bSYMaX3e0sZ8PYXoM5cPVNkAiAy1PHGy_Dc,1283
jmeter684,eyJhbGciOiJIUzI1NiJ9.eyJzdWIiOiI2ODQiLCJ1c2VybmFtZSI6ImptZXRlcjY4NCIsImlhdCI6MTc4NjU0MTUxOSwiZXhwIjoxNzg2NjI3OTE5fQ.ZOoGy6lMeuh9E-J8rDsBpdj0S12qMFIX_hZsyL7AqBw,1284
jmeter685,eyJhbGciOiJIUzI1NiJ9.eyJzdWIiOiI2ODUiLCJ1c2VybmFtZSI6ImptZXRlcjY4NSIsImlhdCI6MTc4NjU0MTUxOSwiZXhwIjoxNzg2NjI3OTE5fQ.2AmalKgeYfwAH1rbtV1omXdd2TfCHJix6n3H4_-ObTI,1285
jmeter686,eyJhbGciOiJIUzI1NiJ9.eyJzdWIiOiI2ODYiLCJ1c2VybmFtZSI6ImptZXRlcjY4NiIsImlhdCI6MTc4NjU0MTUyMCwiZXhwIjoxNzg2NjI3OTIwfQ.ZCHgumZcD8xZFVK68qyA3ln0bAouo9CNLQCCiFODlhU,1286
jmeter687,eyJhbGciOiJIUzI1NiJ9.eyJzdWIiOiI2ODciLCJ1c2VybmFtZSI6ImptZXRlcjY4NyIsImlhdCI6MTc4NjU0MTUyMCwiZXhwIjoxNzg2NjI3OTIwfQ.yzUTa6rOOgrD4Nhkpxh-Xa1M1ilzSwI2yqsjmbVg7ZU,1287
jmeter688,eyJhbGciOiJIUzI1NiJ9.eyJzdWIiOiI2ODgiLCJ1c2VybmFtZSI6ImptZXRlcjY4OCIsImlhdCI6MTc4NjU0MTUyMCwiZXhwIjoxNzg2NjI3OTIwfQ.wmfk6VSaR5M0cX7TBbkVWXnlWozint71qiJI81o7rEw,1288
jmeter689,eyJhbGciOiJIUzI1NiJ9.eyJzdWIiOiI2ODkiLCJ1c2VybmFtZSI6ImptZXRlcjY4OSIsImlhdCI6MTc4NjU0MTUyMCwiZXhwIjoxNzg2NjI3OTIwfQ.epc51dD2oCC9-xTP9YR0R0_AFkb51UiaLyMeZEBYMxE,1289
jmeter690,eyJhbGciOiJIUzI1NiJ9.eyJzdWIiOiI2OTAiLCJ1c2VybmFtZSI6ImptZXRlcjY5MCIsImlhdCI6MTc4NjU0MTUyMSwiZXhwIjoxNzg2NjI3OTIxfQ.9taPP7g8TZ7wYhkPTfbJJggJsKyGYO0N7C9_gf5W-T4,1290
jmeter691,eyJhbGciOiJIUzI1NiJ9.eyJzdWIiOiI2OTEiLCJ1c2VybmFtZSI6ImptZXRlcjY5MSIsImlhdCI6MTc4NjU0MTUyMSwiZXhwIjoxNzg2NjI3OTIxfQ.KKiG61L6pZjWWVztE-sjMsHDDzQ8pBQ5W5FG5Kt-0pQ,1291
jmeter692,eyJhbGciOiJIUzI1NiJ9.eyJzdWIiOiI2OTIiLCJ1c2VybmFtZSI6ImptZXRlcjY5MiIsImlhdCI6MTc4NjU0MTUyMSwiZXhwIjoxNzg2NjI3OTIxfQ.g_4XYrFrf_6B4QYyiVUuukLhr-yGe4s6hxYtcmuLc4s,1292
jmeter693,eyJhbGciOiJIUzI1NiJ9.eyJzdWIiOiI2OTMiLCJ1c2VybmFtZSI6ImptZXRlcjY5MyIsImlhdCI6MTc4NjU0MTUyMSwiZXhwIjoxNzg2NjI3OTIxfQ.AXAh5LObT_5h8RUxHzT5KOUZoMiVbv_Rz1CTOksE4Fg,1293
jmeter694,eyJhbGciOiJIUzI1NiJ9.eyJzdWIiOiI2OTQiLCJ1c2VybmFtZSI6ImptZXRlcjY5NCIsImlhdCI6MTc4NjU0MTUyMiwiZXhwIjoxNzg2NjI3OTIyfQ.X5_BzNlYpWUK9qPM64ds0yPaRVVmvRPO7M6SqAZnSe4,1294
jmeter695,eyJhbGciOiJIUzI1NiJ9.eyJzdWIiOiI2OTUiLCJ1c2VybmFtZSI6ImptZXRlcjY5NSIsImlhdCI6MTc4NjU0MTUyMiwiZXhwIjoxNzg2NjI3OTIyfQ.yUUTauBk6n97LJRXBiyieLzoGFGpNvHLodMKqXPPlxk,1295
jmeter696,eyJhbGciOiJIUzI1NiJ9.eyJzdWIiOiI2OTYiLCJ1c2VybmFtZSI6ImptZXRlcjY5NiIsImlhdCI6MTc4NjU0MTUyMiwiZXhwIjoxNzg2NjI3OTIyfQ.1LYYuAqNdKBzduQfyulTua5I1koINlbFUVMI5v7ldnc,1296
jmeter697,eyJhbGciOiJIUzI1NiJ9.eyJzdWIiOiI2OTciLCJ1c2VybmFtZSI6ImptZXRlcjY5NyIsImlhdCI6MTc4NjU0MTUyMiwiZXhwIjoxNzg2NjI3OTIyfQ.6XZFVjQUFpAUXLd5O5YdyCG5wRFn6LVHdoZ6XoVObFY,1297
jmeter698,eyJhbGciOiJIUzI1NiJ9.eyJzdWIiOiI2OTgiLCJ1c2VybmFtZSI6ImptZXRlcjY5OCIsImlhdCI6MTc4NjU0MTUyMywiZXhwIjoxNzg2NjI3OTIzfQ.eOF3lRXD3HbBduW-YTR0lFD1q3e3Yy-DVbR2vzejkMo,1298
jmeter699,eyJhbGciOiJIUzI1NiJ9.eyJzdWIiOiI2OTkiLCJ1c2VybmFtZSI6ImptZXRlcjY5OSIsImlhdCI6MTc4NjU0MTUyMywiZXhwIjoxNzg2NjI3OTIzfQ.dUxGMWepQCY6zGxz-kOQK1zdEF0XamOJgzj6qwAywz4,1299
jmeter700,eyJhbGciOiJIUzI1NiJ9.eyJzdWIiOiI3MDAiLCJ1c2VybmFtZSI6ImptZXRlcjcwMCIsImlhdCI6MTc4NjU0MTUyMywiZXhwIjoxNzg2NjI3OTIzfQ.JSFclo4EfwahMGwVb53rxncDK0Dsk8s6UiASoOnFxEc,1300
jmeter701,eyJhbGciOiJIUzI1NiJ9.eyJzdWIiOiI3MDEiLCJ1c2VybmFtZSI6ImptZXRlcjcwMSIsImlhdCI6MTc4NjU0MTUyMywiZXhwIjoxNzg2NjI3OTIzfQ.otiZwNNOng--_L9RSF7ZQccCno8mpq5KZ1Ar9fGpRr0,1301
jmeter702,eyJhbGciOiJIUzI1NiJ9.eyJzdWIiOiI3MDIiLCJ1c2VybmFtZSI6ImptZXRlcjcwMiIsImlhdCI6MTc4NjU0MTUyMywiZXhwIjoxNzg2NjI3OTIzfQ.rGgtTwmlUI8cMCtBSRq9cbSLGx-SJknzBtvIplbnPyM,1302
jmeter703,eyJhbGciOiJIUzI1NiJ9.eyJzdWIiOiI3MDMiLCJ1c2VybmFtZSI6ImptZXRlcjcwMyIsImlhdCI6MTc4NjU0MTUyNCwiZXhwIjoxNzg2NjI3OTI0fQ.xyrI90CzM2zh8t8f_zTfKOjV3M7rCrUh69JG5eYjyQw,1303
jmeter704,eyJhbGciOiJIUzI1NiJ9.eyJzdWIiOiI3MDQiLCJ1c2VybmFtZSI6ImptZXRlcjcwNCIsImlhdCI6MTc4NjU0MTUyNCwiZXhwIjoxNzg2NjI3OTI0fQ.FxzWfdR5yNxQTvTNlq0oYsjvpx4K7CjINBBWpxO9Efk,1304
jmeter705,eyJhbGciOiJIUzI1NiJ9.eyJzdWIiOiI3MDUiLCJ1c2VybmFtZSI6ImptZXRlcjcwNSIsImlhdCI6MTc4NjU0MTUyNCwiZXhwIjoxNzg2NjI3OTI0fQ.v7ktDdbb6w0UBPtfIu2YA95yx0M1ZXomIMxGgVDrkog,1305
jmeter706,eyJhbGciOiJIUzI1NiJ9.eyJzdWIiOiI3MDYiLCJ1c2VybmFtZSI6ImptZXRlcjcwNiIsImlhdCI6MTc4NjU0MTUyNCwiZXhwIjoxNzg2NjI3OTI0fQ.bz5GQZ92Bs-tRzLNN6YY2kqKL9M5OcnFacg5PBZdhj0,1306
jmeter707,eyJhbGciOiJIUzI1NiJ9.eyJzdWIiOiI3MDciLCJ1c2VybmFtZSI6ImptZXRlcjcwNyIsImlhdCI6MTc4NjU0MTUyNSwiZXhwIjoxNzg2NjI3OTI1fQ.5035S2XHygAZ2nqt-jq2LQaSoOfDS5-U6Km2AzfpA_U,1307
jmeter708,eyJhbGciOiJIUzI1NiJ9.eyJzdWIiOiI3MDgiLCJ1c2VybmFtZSI6ImptZXRlcjcwOCIsImlhdCI6MTc4NjU0MTUyNSwiZXhwIjoxNzg2NjI3OTI1fQ.nXsR4rvvWO0R32ZTY4WuyHiM9o3hXCyTEiqzPszHeN0,1308
jmeter709,eyJhbGciOiJIUzI1NiJ9.eyJzdWIiOiI3MDkiLCJ1c2VybmFtZSI6ImptZXRlcjcwOSIsImlhdCI6MTc4NjU0MTUyNSwiZXhwIjoxNzg2NjI3OTI1fQ.e-hSueCWFxN6pFEQpXL8coQisIqVFmihwT1QxsFxF00,1309
jmeter710,eyJhbGciOiJIUzI1NiJ9.eyJzdWIiOiI3MTAiLCJ1c2VybmFtZSI6ImptZXRlcjcxMCIsImlhdCI6MTc4NjU0MTUyNSwiZXhwIjoxNzg2NjI3OTI1fQ.dP0wnjVqalHmgZWcHl5jBuZy4ZDadomhq-LKb2548Z0,1310
jmeter711,eyJhbGciOiJIUzI1NiJ9.eyJzdWIiOiI3MTEiLCJ1c2VybmFtZSI6ImptZXRlcjcxMSIsImlhdCI6MTc4NjU0MTUyNiwiZXhwIjoxNzg2NjI3OTI2fQ.VsEDjEi9tCaIvbtZgsBKWublgsKPdnJ3YyZE50sXpRM,1311
jmeter712,eyJhbGciOiJIUzI1NiJ9.eyJzdWIiOiI3MTIiLCJ1c2VybmFtZSI6ImptZXRlcjcxMiIsImlhdCI6MTc4NjU0MTUyNiwiZXhwIjoxNzg2NjI3OTI2fQ.8Zak1iCryFAPjKKl5YvMzyNO0aq0BQzFmdSa60VmeKw,1312
jmeter713,eyJhbGciOiJIUzI1NiJ9.eyJzdWIiOiI3MTMiLCJ1c2VybmFtZSI6ImptZXRlcjcxMyIsImlhdCI6MTc4NjU0MTUyNiwiZXhwIjoxNzg2NjI3OTI2fQ.5ffORJLmypgOzcIAnmvCqu_OM94362QmreoaN9k3DaM,1313
jmeter714,eyJhbGciOiJIUzI1NiJ9.eyJzdWIiOiI3MTQiLCJ1c2VybmFtZSI6ImptZXRlcjcxNCIsImlhdCI6MTc4NjU0MTUyNiwiZXhwIjoxNzg2NjI3OTI2fQ.xFPcYgXfidKH2_NMoWUZK2lVS8eQRG1RPrxrqhoRdxM,1314
jmeter715,eyJhbGciOiJIUzI1NiJ9.eyJzdWIiOiI3MTUiLCJ1c2VybmFtZSI6ImptZXRlcjcxNSIsImlhdCI6MTc4NjU0MTUyNiwiZXhwIjoxNzg2NjI3OTI2fQ.NrWZMZiaCzEudn12yVlYt428pGDlVDNpHa1t6seWPgE,1315
jmeter716,eyJhbGciOiJIUzI1NiJ9.eyJzdWIiOiI3MTYiLCJ1c2VybmFtZSI6ImptZXRlcjcxNiIsImlhdCI6MTc4NjU0MTUyNywiZXhwIjoxNzg2NjI3OTI3fQ.gvb3Vsf6ewUS4KtYrMBFrmWCvc0PRK3AIIb8PlxSJhg,1316
jmeter717,eyJhbGciOiJIUzI1NiJ9.eyJzdWIiOiI3MTciLCJ1c2VybmFtZSI6ImptZXRlcjcxNyIsImlhdCI6MTc4NjU0MTUyNywiZXhwIjoxNzg2NjI3OTI3fQ.cfoymTuKWxJKOPmnRw4S_NjMUYu-HPsuX72dgcoYPpg,1317
jmeter718,eyJhbGciOiJIUzI1NiJ9.eyJzdWIiOiI3MTgiLCJ1c2VybmFtZSI6ImptZXRlcjcxOCIsImlhdCI6MTc4NjU0MTUyNywiZXhwIjoxNzg2NjI3OTI3fQ.O-yLc560fE3GYHxe_oeJyYCvFVVxegW6HL_3E_gaAS8,1318
jmeter719,eyJhbGciOiJIUzI1NiJ9.eyJzdWIiOiI3MTkiLCJ1c2VybmFtZSI6ImptZXRlcjcxOSIsImlhdCI6MTc4NjU0MTUyNywiZXhwIjoxNzg2NjI3OTI3fQ.a8qdvXLJOWtR9h5KzoIBhZN2WsCV1sVKIDhk4SL92Ho,1319
jmeter720,eyJhbGciOiJIUzI1NiJ9.eyJzdWIiOiI3MjAiLCJ1c2VybmFtZSI6ImptZXRlcjcyMCIsImlhdCI6MTc4NjU0MTUyOCwiZXhwIjoxNzg2NjI3OTI4fQ.wy8Cq-CaKJ0KF3gPp7iWKDH0QkanrkXk0Bs7-Kdzzec,1320
jmeter721,eyJhbGciOiJIUzI1NiJ9.eyJzdWIiOiI3MjEiLCJ1c2VybmFtZSI6ImptZXRlcjcyMSIsImlhdCI6MTc4NjU0MTUyOCwiZXhwIjoxNzg2NjI3OTI4fQ.IRM9VYx2xaX87PeJL1UMzI0VDiwp6Ew0DLXQasFdM3w,1321
jmeter722,eyJhbGciOiJIUzI1NiJ9.eyJzdWIiOiI3MjIiLCJ1c2VybmFtZSI6ImptZXRlcjcyMiIsImlhdCI6MTc4NjU0MTUyOCwiZXhwIjoxNzg2NjI3OTI4fQ.ONNM4SbFROy2Jk2LbHeicpjyFOnIsi1B5MNRQ63FB8A,1322
jmeter723,eyJhbGciOiJIUzI1NiJ9.eyJzdWIiOiI3MjMiLCJ1c2VybmFtZSI6ImptZXRlcjcyMyIsImlhdCI6MTc4NjU0MTUyOCwiZXhwIjoxNzg2NjI3OTI4fQ.maRVbMut5QCD1t-WJQ2RDAoqCaCxcYWTjLgbcqOJHGM,1323
jmeter724,eyJhbGciOiJIUzI1NiJ9.eyJzdWIiOiI3MjQiLCJ1c2VybmFtZSI6ImptZXRlcjcyNCIsImlhdCI6MTc4NjU0MTUyOSwiZXhwIjoxNzg2NjI3OTI5fQ.4kL_i9Rhr9Y0wekuR46q2Cdlms5OcYAts8w9j8thwwA,1324
jmeter725,eyJhbGciOiJIUzI1NiJ9.eyJzdWIiOiI3MjUiLCJ1c2VybmFtZSI6ImptZXRlcjcyNSIsImlhdCI6MTc4NjU0MTUyOSwiZXhwIjoxNzg2NjI3OTI5fQ.80PDqM7crsE-BMbOWQ6DjtH6TIlraWvXzCPtudzqr_I,1325
jmeter726,eyJhbGciOiJIUzI1NiJ9.eyJzdWIiOiI3MjYiLCJ1c2VybmFtZSI6ImptZXRlcjcyNiIsImlhdCI6MTc4NjU0MTUyOSwiZXhwIjoxNzg2NjI3OTI5fQ.WGcQq431BbYXJeQFSmt2z-VuzjL5Rm6v4cURGDnieGk,1326
jmeter727,eyJhbGciOiJIUzI1NiJ9.eyJzdWIiOiI3MjciLCJ1c2VybmFtZSI6ImptZXRlcjcyNyIsImlhdCI6MTc4NjU0MTUyOSwiZXhwIjoxNzg2NjI3OTI5fQ.1KpdA1Nhjah8n3s-aPmWIpTiZy_jqWSz9-XEASSWDsw,1327
jmeter728,eyJhbGciOiJIUzI1NiJ9.eyJzdWIiOiI3MjgiLCJ1c2VybmFtZSI6ImptZXRlcjcyOCIsImlhdCI6MTc4NjU0MTUzMCwiZXhwIjoxNzg2NjI3OTMwfQ.y9YomzLALBh9vyaYIU9eCLXxsCLRLqOr2VTpZLBUhgo,1328
jmeter729,eyJhbGciOiJIUzI1NiJ9.eyJzdWIiOiI3MjkiLCJ1c2VybmFtZSI6ImptZXRlcjcyOSIsImlhdCI6MTc4NjU0MTUzMCwiZXhwIjoxNzg2NjI3OTMwfQ.gYtnzSVeIdHPHrkgPcSbqkhs0dx0GxmmaUBKrE_C9sE,1329
jmeter730,eyJhbGciOiJIUzI1NiJ9.eyJzdWIiOiI3MzAiLCJ1c2VybmFtZSI6ImptZXRlcjczMCIsImlhdCI6MTc4NjU0MTUzMCwiZXhwIjoxNzg2NjI3OTMwfQ.wN52q27AP8QdIs9V7jnnMRoF_AuX6Sd_u1mghC3YXnU,1330
jmeter731,eyJhbGciOiJIUzI1NiJ9.eyJzdWIiOiI3MzEiLCJ1c2VybmFtZSI6ImptZXRlcjczMSIsImlhdCI6MTc4NjU0MTUzMCwiZXhwIjoxNzg2NjI3OTMwfQ.7ykRRT7XwziN5Hh9-E-pmnpp3Ll11NOQrbluzPOaQvc,1331
jmeter732,eyJhbGciOiJIUzI1NiJ9.eyJzdWIiOiI3MzIiLCJ1c2VybmFtZSI6ImptZXRlcjczMiIsImlhdCI6MTc4NjU0MTUzMCwiZXhwIjoxNzg2NjI3OTMwfQ.MJLo16iom05MY2s66RQ-wul1IkdkXIzM3AWxSb8GXxU,1332
jmeter733,eyJhbGciOiJIUzI1NiJ9.eyJzdWIiOiI3MzMiLCJ1c2VybmFtZSI6ImptZXRlcjczMyIsImlhdCI6MTc4NjU0MTUzMSwiZXhwIjoxNzg2NjI3OTMxfQ.z_O9yBhd0bypIqWEuJMlv-1O5y21gXPWs71VqsrY0Ss,1333
jmeter734,eyJhbGciOiJIUzI1NiJ9.eyJzdWIiOiI3MzQiLCJ1c2VybmFtZSI6ImptZXRlcjczNCIsImlhdCI6MTc4NjU0MTUzMSwiZXhwIjoxNzg2NjI3OTMxfQ.m71HWPAMQAMtHwe7AI_bOoLcIkk7bd83V2dIvD8oc0k,1334
jmeter735,eyJhbGciOiJIUzI1NiJ9.eyJzdWIiOiI3MzUiLCJ1c2VybmFtZSI6ImptZXRlcjczNSIsImlhdCI6MTc4NjU0MTUzMSwiZXhwIjoxNzg2NjI3OTMxfQ.kkuuDrBt-r6u-walRinMzk0d6zJvbbl0hYqHpWrVyQ4,1335
jmeter736,eyJhbGciOiJIUzI1NiJ9.eyJzdWIiOiI3MzYiLCJ1c2VybmFtZSI6ImptZXRlcjczNiIsImlhdCI6MTc4NjU0MTUzMSwiZXhwIjoxNzg2NjI3OTMxfQ.QZHunzokKADfMUGckNpQ5ElbeUHmuqqYAF5pVPtm71M,1336
jmeter737,eyJhbGciOiJIUzI1NiJ9.eyJzdWIiOiI3MzciLCJ1c2VybmFtZSI6ImptZXRlcjczNyIsImlhdCI6MTc4NjU0MTUzMiwiZXhwIjoxNzg2NjI3OTMyfQ.XjinMxTNzoJAN1Y8KB9g4C1cH9N5dhLdXDYF9NhSew8,1337
jmeter738,eyJhbGciOiJIUzI1NiJ9.eyJzdWIiOiI3MzgiLCJ1c2VybmFtZSI6ImptZXRlcjczOCIsImlhdCI6MTc4NjU0MTUzMiwiZXhwIjoxNzg2NjI3OTMyfQ.0Jx5LzBYbAQs0a8hsr5huc2LcNe04wx41NbBVkb0UpM,1338
jmeter739,eyJhbGciOiJIUzI1NiJ9.eyJzdWIiOiI3MzkiLCJ1c2VybmFtZSI6ImptZXRlcjczOSIsImlhdCI6MTc4NjU0MTUzMiwiZXhwIjoxNzg2NjI3OTMyfQ.DiHQ9s4ppxDJIRdV7EEErNG13DFU4JuWI0975_IguMk,1339
jmeter740,eyJhbGciOiJIUzI1NiJ9.eyJzdWIiOiI3NDAiLCJ1c2VybmFtZSI6ImptZXRlcjc0MCIsImlhdCI6MTc4NjU0MTUzMiwiZXhwIjoxNzg2NjI3OTMyfQ.eV1IwQJNwgZcwc9-pMdg7JfqwfNWAOZAOHwuWsSuhGw,1340
jmeter741,eyJhbGciOiJIUzI1NiJ9.eyJzdWIiOiI3NDEiLCJ1c2VybmFtZSI6ImptZXRlcjc0MSIsImlhdCI6MTc4NjU0MTUzMywiZXhwIjoxNzg2NjI3OTMzfQ.OAeHFCqcsmwNX3irdcFux6Sk3HYTnPLY1x6mRefylUE,1341
jmeter742,eyJhbGciOiJIUzI1NiJ9.eyJzdWIiOiI3NDIiLCJ1c2VybmFtZSI6ImptZXRlcjc0MiIsImlhdCI6MTc4NjU0MTUzMywiZXhwIjoxNzg2NjI3OTMzfQ.znXHQI55vgrqKgh8iNLH05eZsBTCWjQqojCy3VzAVnQ,1342
jmeter743,eyJhbGciOiJIUzI1NiJ9.eyJzdWIiOiI3NDMiLCJ1c2VybmFtZSI6ImptZXRlcjc0MyIsImlhdCI6MTc4NjU0MTUzMywiZXhwIjoxNzg2NjI3OTMzfQ.3bOlvZywZDk4DabrksWmGthZ9SVJzbY-DbxRe62baOY,1343
jmeter744,eyJhbGciOiJIUzI1NiJ9.eyJzdWIiOiI3NDQiLCJ1c2VybmFtZSI6ImptZXRlcjc0NCIsImlhdCI6MTc4NjU0MTUzMywiZXhwIjoxNzg2NjI3OTMzfQ.AeNSnWLvoUbuMO8r8LsdcyqVJmsv76aQBwgUdHF_2sY,1344
jmeter745,eyJhbGciOiJIUzI1NiJ9.eyJzdWIiOiI3NDUiLCJ1c2VybmFtZSI6ImptZXRlcjc0NSIsImlhdCI6MTc4NjU0MTUzNCwiZXhwIjoxNzg2NjI3OTM0fQ.LzVKkGOwVXgU-HB1Hxij6HmOA-Yv1n3kU2sa3eLpGl8,1345
jmeter746,eyJhbGciOiJIUzI1NiJ9.eyJzdWIiOiI3NDYiLCJ1c2VybmFtZSI6ImptZXRlcjc0NiIsImlhdCI6MTc4NjU0MTUzNCwiZXhwIjoxNzg2NjI3OTM0fQ.1zr_2iE-d2OAgPVt0wmKentfx7-ND2eZEEBF13_9yYM,1346
jmeter747,eyJhbGciOiJIUzI1NiJ9.eyJzdWIiOiI3NDciLCJ1c2VybmFtZSI6ImptZXRlcjc0NyIsImlhdCI6MTc4NjU0MTUzNCwiZXhwIjoxNzg2NjI3OTM0fQ.KnF206TRwA-JRk3fhc2IYc72IjvnHTlF5svqxYt5jTI,1347
jmeter748,eyJhbGciOiJIUzI1NiJ9.eyJzdWIiOiI3NDgiLCJ1c2VybmFtZSI6ImptZXRlcjc0OCIsImlhdCI6MTc4NjU0MTUzNCwiZXhwIjoxNzg2NjI3OTM0fQ.M5v-4YcMahTZmXYwxER1oRXaBp0jgC2vmYM0FsTiMVc,1348
jmeter749,eyJhbGciOiJIUzI1NiJ9.eyJzdWIiOiI3NDkiLCJ1c2VybmFtZSI6ImptZXRlcjc0OSIsImlhdCI6MTc4NjU0MTUzNCwiZXhwIjoxNzg2NjI3OTM0fQ.KbLzHN0E8Os0bMHKApjDW2pQIdGi6wVMo7FPcaeZKe8,1349
jmeter750,eyJhbGciOiJIUzI1NiJ9.eyJzdWIiOiI3NTAiLCJ1c2VybmFtZSI6ImptZXRlcjc1MCIsImlhdCI6MTc4NjU0MTUzNSwiZXhwIjoxNzg2NjI3OTM1fQ.BlJz_LWmF_3k1bkHxWd1jMZEuWLb_mXS0_83FhRIa2g,1350
jmeter751,eyJhbGciOiJIUzI1NiJ9.eyJzdWIiOiI3NTEiLCJ1c2VybmFtZSI6ImptZXRlcjc1MSIsImlhdCI6MTc4NjU0MTUzNSwiZXhwIjoxNzg2NjI3OTM1fQ.C3Ug202SDG0kzhH_J-pdPNXJA45mx5IHmHxOuJ04swc,1351
jmeter752,eyJhbGciOiJIUzI1NiJ9.eyJzdWIiOiI3NTIiLCJ1c2VybmFtZSI6ImptZXRlcjc1MiIsImlhdCI6MTc4NjU0MTUzNSwiZXhwIjoxNzg2NjI3OTM1fQ.5QIfoAUcWJ95W3rY7ASosbhgEOlxT30-vT9W8o9medw,1352
jmeter753,eyJhbGciOiJIUzI1NiJ9.eyJzdWIiOiI3NTMiLCJ1c2VybmFtZSI6ImptZXRlcjc1MyIsImlhdCI6MTc4NjU0MTUzNSwiZXhwIjoxNzg2NjI3OTM1fQ.xW1IZIIWVPR3GjUDNVimRPnCGIR9Ana2h_kStgu8GMI,1353
jmeter754,eyJhbGciOiJIUzI1NiJ9.eyJzdWIiOiI3NTQiLCJ1c2VybmFtZSI6ImptZXRlcjc1NCIsImlhdCI6MTc4NjU0MTUzNiwiZXhwIjoxNzg2NjI3OTM2fQ.ZM6WeYApve5Lo_zLnt1xlBYcRTEjHU9nB9ZIxGIYD6A,1354
jmeter755,eyJhbGciOiJIUzI1NiJ9.eyJzdWIiOiI3NTUiLCJ1c2VybmFtZSI6ImptZXRlcjc1NSIsImlhdCI6MTc4NjU0MTUzNiwiZXhwIjoxNzg2NjI3OTM2fQ.aKleXUsFbh3VvAY-HKCl_lDvSJ3wzISR8Z5FnQ7rH7I,1355
jmeter756,eyJhbGciOiJIUzI1NiJ9.eyJzdWIiOiI3NTYiLCJ1c2VybmFtZSI6ImptZXRlcjc1NiIsImlhdCI6MTc4NjU0MTUzNiwiZXhwIjoxNzg2NjI3OTM2fQ.R82Vn61vKQyu7jVUfOlmPivceCGuqETCIkepz0J9C3M,1356
jmeter757,eyJhbGciOiJIUzI1NiJ9.eyJzdWIiOiI3NTciLCJ1c2VybmFtZSI6ImptZXRlcjc1NyIsImlhdCI6MTc4NjU0MTUzNiwiZXhwIjoxNzg2NjI3OTM2fQ.99ePB5tByloRvLeQB6ON2cmEm4RnnAckS2b__6cQO8c,1357
jmeter758,eyJhbGciOiJIUzI1NiJ9.eyJzdWIiOiI3NTgiLCJ1c2VybmFtZSI6ImptZXRlcjc1OCIsImlhdCI6MTc4NjU0MTUzNywiZXhwIjoxNzg2NjI3OTM3fQ.75WIbub1BcCWTHQ8YBdqQiq19_0EOLjTIS3YJ452FxM,1358
jmeter759,eyJhbGciOiJIUzI1NiJ9.eyJzdWIiOiI3NTkiLCJ1c2VybmFtZSI6ImptZXRlcjc1OSIsImlhdCI6MTc4NjU0MTUzNywiZXhwIjoxNzg2NjI3OTM3fQ.wJ3pNtka3KBtFPa9KSOtmdvpfuAaQe4ZEkyZQ0Tjmm4,1359
jmeter760,eyJhbGciOiJIUzI1NiJ9.eyJzdWIiOiI3NjAiLCJ1c2VybmFtZSI6ImptZXRlcjc2MCIsImlhdCI6MTc4NjU0MTUzNywiZXhwIjoxNzg2NjI3OTM3fQ.R467HSyP3pioSo-zN5fKYvy8sYQQ6XtHfWIXKy-pO58,1360
jmeter761,eyJhbGciOiJIUzI1NiJ9.eyJzdWIiOiI3NjEiLCJ1c2VybmFtZSI6ImptZXRlcjc2MSIsImlhdCI6MTc4NjU0MTUzNywiZXhwIjoxNzg2NjI3OTM3fQ.s8LLijAKENvWgtJ1alfNh_2ZcWZ36SLUpjLNX8ziCrQ,1361
jmeter762,eyJhbGciOiJIUzI1NiJ9.eyJzdWIiOiI3NjIiLCJ1c2VybmFtZSI6ImptZXRlcjc2MiIsImlhdCI6MTc4NjU0MTUzNywiZXhwIjoxNzg2NjI3OTM3fQ.rIuv-YSvyCEgNkw2Vw0GcQOtPjrRmSns7DpJuBE7HIc,1362
jmeter763,eyJhbGciOiJIUzI1NiJ9.eyJzdWIiOiI3NjMiLCJ1c2VybmFtZSI6ImptZXRlcjc2MyIsImlhdCI6MTc4NjU0MTUzOCwiZXhwIjoxNzg2NjI3OTM4fQ.1GlcVelG3olijzO26BsnqcTo9unfyK3vlSH0aew-gaA,1363
jmeter764,eyJhbGciOiJIUzI1NiJ9.eyJzdWIiOiI3NjQiLCJ1c2VybmFtZSI6ImptZXRlcjc2NCIsImlhdCI6MTc4NjU0MTUzOCwiZXhwIjoxNzg2NjI3OTM4fQ.USViU_SLoKiY47KpkOWEDuBmJZu82ZVs-1aL2VEkr2s,1364
jmeter765,eyJhbGciOiJIUzI1NiJ9.eyJzdWIiOiI3NjUiLCJ1c2VybmFtZSI6ImptZXRlcjc2NSIsImlhdCI6MTc4NjU0MTUzOCwiZXhwIjoxNzg2NjI3OTM4fQ.ZRJWDEKzXegMJlB6Wj2uissZdjC4QWnoCExRkYn4izA,1365
jmeter766,eyJhbGciOiJIUzI1NiJ9.eyJzdWIiOiI3NjYiLCJ1c2VybmFtZSI6ImptZXRlcjc2NiIsImlhdCI6MTc4NjU0MTUzOCwiZXhwIjoxNzg2NjI3OTM4fQ.s71w-sm1bZim138Pux5IaYwotl-NNX7ZbDwm0G9UKGA,1366
jmeter767,eyJhbGciOiJIUzI1NiJ9.eyJzdWIiOiI3NjciLCJ1c2VybmFtZSI6ImptZXRlcjc2NyIsImlhdCI6MTc4NjU0MTUzOSwiZXhwIjoxNzg2NjI3OTM5fQ.cxlq4HTZRyW3K8PFDNXARYkyIdotQz-RA2u8NEOEO7w,1367
jmeter768,eyJhbGciOiJIUzI1NiJ9.eyJzdWIiOiI3NjgiLCJ1c2VybmFtZSI6ImptZXRlcjc2OCIsImlhdCI6MTc4NjU0MTUzOSwiZXhwIjoxNzg2NjI3OTM5fQ.Njs0JF0zOioSRAmG81OLv3wxBIV86I6_lKVkqJvkIxI,1368
jmeter769,eyJhbGciOiJIUzI1NiJ9.eyJzdWIiOiI3NjkiLCJ1c2VybmFtZSI6ImptZXRlcjc2OSIsImlhdCI6MTc4NjU0MTUzOSwiZXhwIjoxNzg2NjI3OTM5fQ._gv9DsGGTj9OkGPC7TQmYqxuENLdPGDoQVphiZgASUs,1369
jmeter770,eyJhbGciOiJIUzI1NiJ9.eyJzdWIiOiI3NzAiLCJ1c2VybmFtZSI6ImptZXRlcjc3MCIsImlhdCI6MTc4NjU0MTUzOSwiZXhwIjoxNzg2NjI3OTM5fQ.nmhMl3KMMljFatK8itGE1Bf_3d4AYiwONHCHk93qzi4,1370
jmeter771,eyJhbGciOiJIUzI1NiJ9.eyJzdWIiOiI3NzEiLCJ1c2VybmFtZSI6ImptZXRlcjc3MSIsImlhdCI6MTc4NjU0MTU0MCwiZXhwIjoxNzg2NjI3OTQwfQ.xsm2cmi_ZCZbSzb-MaSf8Z76ZyOljrIU0ilszpQipN8,1371
jmeter772,eyJhbGciOiJIUzI1NiJ9.eyJzdWIiOiI3NzIiLCJ1c2VybmFtZSI6ImptZXRlcjc3MiIsImlhdCI6MTc4NjU0MTU0MCwiZXhwIjoxNzg2NjI3OTQwfQ.I8r5LiamjrSOOGncQHdFSkvppCRxY0TnQzlYlTtGNeE,1372
jmeter773,eyJhbGciOiJIUzI1NiJ9.eyJzdWIiOiI3NzMiLCJ1c2VybmFtZSI6ImptZXRlcjc3MyIsImlhdCI6MTc4NjU0MTU0MCwiZXhwIjoxNzg2NjI3OTQwfQ.YEtux8eq9omGMrkOmjf_QB67-xHzLrNQ9VsHu4eBgEU,1373
jmeter774,eyJhbGciOiJIUzI1NiJ9.eyJzdWIiOiI3NzQiLCJ1c2VybmFtZSI6ImptZXRlcjc3NCIsImlhdCI6MTc4NjU0MTU0MCwiZXhwIjoxNzg2NjI3OTQwfQ.QJW_7lu6w6r-7ti99Nl9sYeXgeJE5MCultSOdd3z7H0,1374
jmeter775,eyJhbGciOiJIUzI1NiJ9.eyJzdWIiOiI3NzUiLCJ1c2VybmFtZSI6ImptZXRlcjc3NSIsImlhdCI6MTc4NjU0MTU0MSwiZXhwIjoxNzg2NjI3OTQxfQ.whtcUGTKXxEs77yArsQouiUsMqJTDYlV3rg7-QZBO7Y,1375
jmeter776,eyJhbGciOiJIUzI1NiJ9.eyJzdWIiOiI3NzYiLCJ1c2VybmFtZSI6ImptZXRlcjc3NiIsImlhdCI6MTc4NjU0MTU0MSwiZXhwIjoxNzg2NjI3OTQxfQ.2i3wxc0yknVpvyXJI__CksZfYS-Np_UUgYmDEFogOag,1376
jmeter777,eyJhbGciOiJIUzI1NiJ9.eyJzdWIiOiI3NzciLCJ1c2VybmFtZSI6ImptZXRlcjc3NyIsImlhdCI6MTc4NjU0MTU0MSwiZXhwIjoxNzg2NjI3OTQxfQ.1B-q_0PpZCc0SFXM9ao8CFyQdVAXZv9KUIGSBSMOaS8,1377
jmeter778,eyJhbGciOiJIUzI1NiJ9.eyJzdWIiOiI3NzgiLCJ1c2VybmFtZSI6ImptZXRlcjc3OCIsImlhdCI6MTc4NjU0MTU0MSwiZXhwIjoxNzg2NjI3OTQxfQ.LpbDqgA-oxd-1ZduBwl3fV69Br9NUy2Uue9_GiZmuVs,1378
jmeter779,eyJhbGciOiJIUzI1NiJ9.eyJzdWIiOiI3NzkiLCJ1c2VybmFtZSI6ImptZXRlcjc3OSIsImlhdCI6MTc4NjU0MTU0MiwiZXhwIjoxNzg2NjI3OTQyfQ.pd6fiw0u8yJV2gvm4WDMX2ayDjUpzfD7aYO9ZcidPmE,1379
jmeter780,eyJhbGciOiJIUzI1NiJ9.eyJzdWIiOiI3ODAiLCJ1c2VybmFtZSI6ImptZXRlcjc4MCIsImlhdCI6MTc4NjU0MTU0MiwiZXhwIjoxNzg2NjI3OTQyfQ.333iA-pNwYcc7TFpFLrA8rgvt6oddF9zhV_CWNcTlwM,1380
jmeter781,eyJhbGciOiJIUzI1NiJ9.eyJzdWIiOiI3ODEiLCJ1c2VybmFtZSI6ImptZXRlcjc4MSIsImlhdCI6MTc4NjU0MTU0MiwiZXhwIjoxNzg2NjI3OTQyfQ.1b1dfX7eOf9_BWg1lDdpeaSgxJI36qchdjfH-nSQCw4,1381
jmeter782,eyJhbGciOiJIUzI1NiJ9.eyJzdWIiOiI3ODIiLCJ1c2VybmFtZSI6ImptZXRlcjc4MiIsImlhdCI6MTc4NjU0MTU0MiwiZXhwIjoxNzg2NjI3OTQyfQ.-v4TEma324_Q71cCz0HCHU8ZmsD5wZQX8-NACg0Tjgg,1382
jmeter783,eyJhbGciOiJIUzI1NiJ9.eyJzdWIiOiI3ODMiLCJ1c2VybmFtZSI6ImptZXRlcjc4MyIsImlhdCI6MTc4NjU0MTU0MywiZXhwIjoxNzg2NjI3OTQzfQ.r5ISS9xPEaRYyX_qOo0AIg7XLLOZGyLldxDBf3LD-Pg,1383
jmeter784,eyJhbGciOiJIUzI1NiJ9.eyJzdWIiOiI3ODQiLCJ1c2VybmFtZSI6ImptZXRlcjc4NCIsImlhdCI6MTc4NjU0MTU0MywiZXhwIjoxNzg2NjI3OTQzfQ.cuOpc-dhr4bj74E3y-i5ehDSQuAdSCRFqAAU56X41S0,1384
jmeter785,eyJhbGciOiJIUzI1NiJ9.eyJzdWIiOiI3ODUiLCJ1c2VybmFtZSI6ImptZXRlcjc4NSIsImlhdCI6MTc4NjU0MTU0MywiZXhwIjoxNzg2NjI3OTQzfQ.WGBqKKC8d3ai9wTEcG2P5hDh-hXLPMZvqkJfVKpn1KI,1385
jmeter786,eyJhbGciOiJIUzI1NiJ9.eyJzdWIiOiI3ODYiLCJ1c2VybmFtZSI6ImptZXRlcjc4NiIsImlhdCI6MTc4NjU0MTU0MywiZXhwIjoxNzg2NjI3OTQzfQ.YXDgri8cGv4P4uyexve16p9CWsjww21nSBxENAsiP-I,1386
jmeter787,eyJhbGciOiJIUzI1NiJ9.eyJzdWIiOiI3ODciLCJ1c2VybmFtZSI6ImptZXRlcjc4NyIsImlhdCI6MTc4NjU0MTU0MywiZXhwIjoxNzg2NjI3OTQzfQ.-o5QYM3yAQhbTgT04FyEqq9BtGqvejVLnvejf-MLim8,1387
jmeter788,eyJhbGciOiJIUzI1NiJ9.eyJzdWIiOiI3ODgiLCJ1c2VybmFtZSI6ImptZXRlcjc4OCIsImlhdCI6MTc4NjU0MTU0NCwiZXhwIjoxNzg2NjI3OTQ0fQ.MXx7qnVmVkzoUXhDDFdogTfOwrqr9pPLUAX0sd18PJo,1388
jmeter789,eyJhbGciOiJIUzI1NiJ9.eyJzdWIiOiI3ODkiLCJ1c2VybmFtZSI6ImptZXRlcjc4OSIsImlhdCI6MTc4NjU0MTU0NCwiZXhwIjoxNzg2NjI3OTQ0fQ.5UdcdWJswzMgqVin8I_Cw1O6fqVyowgFOLeMmxjlFP8,1389
jmeter790,eyJhbGciOiJIUzI1NiJ9.eyJzdWIiOiI3OTAiLCJ1c2VybmFtZSI6ImptZXRlcjc5MCIsImlhdCI6MTc4NjU0MTU0NCwiZXhwIjoxNzg2NjI3OTQ0fQ.pEF38rRevSg77ffDDjr3RuwQRUp5pMiBFtfnmJO1Bpc,1390
jmeter791,eyJhbGciOiJIUzI1NiJ9.eyJzdWIiOiI3OTEiLCJ1c2VybmFtZSI6ImptZXRlcjc5MSIsImlhdCI6MTc4NjU0MTU0NCwiZXhwIjoxNzg2NjI3OTQ0fQ.DQotYdHpOHhyD3JlJu3A5d72ZaGnAt7X-PF3oxNxN9I,1391
jmeter792,eyJhbGciOiJIUzI1NiJ9.eyJzdWIiOiI3OTIiLCJ1c2VybmFtZSI6ImptZXRlcjc5MiIsImlhdCI6MTc4NjU0MTU0NSwiZXhwIjoxNzg2NjI3OTQ1fQ.orvj5GC-8r-Q1eOv15axBma_vCJCU_3-PrCWQZ6eVkA,1392
jmeter793,eyJhbGciOiJIUzI1NiJ9.eyJzdWIiOiI3OTMiLCJ1c2VybmFtZSI6ImptZXRlcjc5MyIsImlhdCI6MTc4NjU0MTU0NSwiZXhwIjoxNzg2NjI3OTQ1fQ.LqxMW1pMcOY7HEbSAqyQwkEG6tlt0H1EXzWEgVPN_X0,1393
jmeter794,eyJhbGciOiJIUzI1NiJ9.eyJzdWIiOiI3OTQiLCJ1c2VybmFtZSI6ImptZXRlcjc5NCIsImlhdCI6MTc4NjU0MTU0NSwiZXhwIjoxNzg2NjI3OTQ1fQ.c_LG3Kcw8Zb3IBfbg7UlYCE4FF0MqAKnFdSKM6HQx_o,1394
jmeter795,eyJhbGciOiJIUzI1NiJ9.eyJzdWIiOiI3OTUiLCJ1c2VybmFtZSI6ImptZXRlcjc5NSIsImlhdCI6MTc4NjU0MTU0NSwiZXhwIjoxNzg2NjI3OTQ1fQ.GpGplHZXSunK8zGaYVpq6dOD-fjRitQN98MYe0b4b_Q,1395
jmeter796,eyJhbGciOiJIUzI1NiJ9.eyJzdWIiOiI3OTYiLCJ1c2VybmFtZSI6ImptZXRlcjc5NiIsImlhdCI6MTc4NjU0MTU0NiwiZXhwIjoxNzg2NjI3OTQ2fQ.7e5esh4KZ7COfqPKgDRrPDt3i7y_I5Z-eMVu4_aJZWE,1396
jmeter797,eyJhbGciOiJIUzI1NiJ9.eyJzdWIiOiI3OTciLCJ1c2VybmFtZSI6ImptZXRlcjc5NyIsImlhdCI6MTc4NjU0MTU0NiwiZXhwIjoxNzg2NjI3OTQ2fQ.Kn8h5G00jDX5xJge7mZ2DcXT6vP0oNVnriWyc4xw_tg,1397
jmeter798,eyJhbGciOiJIUzI1NiJ9.eyJzdWIiOiI3OTgiLCJ1c2VybmFtZSI6ImptZXRlcjc5OCIsImlhdCI6MTc4NjU0MTU0NiwiZXhwIjoxNzg2NjI3OTQ2fQ.CztTeffspTo0hezPe0Y1J7-Kot4rU-MYkauYc6oTnQ4,1398
jmeter799,eyJhbGciOiJIUzI1NiJ9.eyJzdWIiOiI3OTkiLCJ1c2VybmFtZSI6ImptZXRlcjc5OSIsImlhdCI6MTc4NjU0MTU0NiwiZXhwIjoxNzg2NjI3OTQ2fQ.PuZ9Ti0BB2FHtsiR66KWE_Sy4_zMRat0X2RriOEy5eA,1399
jmeter800,eyJhbGciOiJIUzI1NiJ9.eyJzdWIiOiI4MDAiLCJ1c2VybmFtZSI6ImptZXRlcjgwMCIsImlhdCI6MTc4NjU0MTU0NiwiZXhwIjoxNzg2NjI3OTQ2fQ.IalSS0rxliJEmeZOLV8Ryxy5SkG5ZgEItoWVtX8jZio,1400
jmeter801,eyJhbGciOiJIUzI1NiJ9.eyJzdWIiOiI4MDEiLCJ1c2VybmFtZSI6ImptZXRlcjgwMSIsImlhdCI6MTc4NjU0MTU0NywiZXhwIjoxNzg2NjI3OTQ3fQ.RzGaEO5mIbP4jQl6xBwMndIi2vfR1yQlxO_yraHpIUY,1401
jmeter802,eyJhbGciOiJIUzI1NiJ9.eyJzdWIiOiI4MDIiLCJ1c2VybmFtZSI6ImptZXRlcjgwMiIsImlhdCI6MTc4NjU0MTU0NywiZXhwIjoxNzg2NjI3OTQ3fQ.8TNhH8FPFBwNOywQIO6uXb687s_dL_qTJu6BE8K5nSo,1402
jmeter803,eyJhbGciOiJIUzI1NiJ9.eyJzdWIiOiI4MDMiLCJ1c2VybmFtZSI6ImptZXRlcjgwMyIsImlhdCI6MTc4NjU0MTU0NywiZXhwIjoxNzg2NjI3OTQ3fQ.7tZfJcxSZuyGMmTlJKOXu49tFif9f-I8ByL2Lo9TdAI,1403
jmeter804,eyJhbGciOiJIUzI1NiJ9.eyJzdWIiOiI4MDQiLCJ1c2VybmFtZSI6ImptZXRlcjgwNCIsImlhdCI6MTc4NjU0MTU0NywiZXhwIjoxNzg2NjI3OTQ3fQ.YC5AfQ3d53fHZT34SbARE5DW5lH5A3C9gtIjeBYfbcs,1404
jmeter805,eyJhbGciOiJIUzI1NiJ9.eyJzdWIiOiI4MDUiLCJ1c2VybmFtZSI6ImptZXRlcjgwNSIsImlhdCI6MTc4NjU0MTU0OCwiZXhwIjoxNzg2NjI3OTQ4fQ.EurzWg7M_wwBTDTZLiU7gprfDeDplULAiycTC8SFbpI,1405
jmeter806,eyJhbGciOiJIUzI1NiJ9.eyJzdWIiOiI4MDYiLCJ1c2VybmFtZSI6ImptZXRlcjgwNiIsImlhdCI6MTc4NjU0MTU0OCwiZXhwIjoxNzg2NjI3OTQ4fQ.ibl6l3wZflMmGshxlNGvYDvem1l2rdUiP25efNCdlaI,1406
jmeter807,eyJhbGciOiJIUzI1NiJ9.eyJzdWIiOiI4MDciLCJ1c2VybmFtZSI6ImptZXRlcjgwNyIsImlhdCI6MTc4NjU0MTU0OCwiZXhwIjoxNzg2NjI3OTQ4fQ.lDClWxyAcNlxbzvnAFZKkAs2NGgPxB9RhhMZwdhg6HQ,1407
jmeter808,eyJhbGciOiJIUzI1NiJ9.eyJzdWIiOiI4MDgiLCJ1c2VybmFtZSI6ImptZXRlcjgwOCIsImlhdCI6MTc4NjU0MTU0OCwiZXhwIjoxNzg2NjI3OTQ4fQ.5r78-vPAqFSTR4rm4zGo2Uq8jdvaS5tVwQCVXeIe-Vg,1408
jmeter809,eyJhbGciOiJIUzI1NiJ9.eyJzdWIiOiI4MDkiLCJ1c2VybmFtZSI6ImptZXRlcjgwOSIsImlhdCI6MTc4NjU0MTU0OSwiZXhwIjoxNzg2NjI3OTQ5fQ.vg2JfMCcaFAPoto8CxB5PO1QtnLnDvybveQVEjqLsi4,1409
jmeter810,eyJhbGciOiJIUzI1NiJ9.eyJzdWIiOiI4MTAiLCJ1c2VybmFtZSI6ImptZXRlcjgxMCIsImlhdCI6MTc4NjU0MTU0OSwiZXhwIjoxNzg2NjI3OTQ5fQ.YEuaqgnCci-SH1ZAjLzCazXlqSGkUYbCtMtQaxKhTsg,1410
jmeter811,eyJhbGciOiJIUzI1NiJ9.eyJzdWIiOiI4MTEiLCJ1c2VybmFtZSI6ImptZXRlcjgxMSIsImlhdCI6MTc4NjU0MTU0OSwiZXhwIjoxNzg2NjI3OTQ5fQ.vTJfHeMz5okMOsW2zneBtAvIQClgsfCg8BQ31CvKkxU,1411
jmeter812,eyJhbGciOiJIUzI1NiJ9.eyJzdWIiOiI4MTIiLCJ1c2VybmFtZSI6ImptZXRlcjgxMiIsImlhdCI6MTc4NjU0MTU0OSwiZXhwIjoxNzg2NjI3OTQ5fQ.fV6-KAvtq-aAK6qWAPxoIm7RXcjt7yDtVogN_OopekI,1412
jmeter813,eyJhbGciOiJIUzI1NiJ9.eyJzdWIiOiI4MTMiLCJ1c2VybmFtZSI6ImptZXRlcjgxMyIsImlhdCI6MTc4NjU0MTU0OSwiZXhwIjoxNzg2NjI3OTQ5fQ.ds-dAqjn5k7jkFm3J1g4W-Q3FhhKwAOzEOa1sP4hyf4,1413
jmeter814,eyJhbGciOiJIUzI1NiJ9.eyJzdWIiOiI4MTQiLCJ1c2VybmFtZSI6ImptZXRlcjgxNCIsImlhdCI6MTc4NjU0MTU1MCwiZXhwIjoxNzg2NjI3OTUwfQ.wbn89-JUjM55ZsnvO7TDd65fo395-mpMxqDKLL-pTq8,1414
jmeter815,eyJhbGciOiJIUzI1NiJ9.eyJzdWIiOiI4MTUiLCJ1c2VybmFtZSI6ImptZXRlcjgxNSIsImlhdCI6MTc4NjU0MTU1MCwiZXhwIjoxNzg2NjI3OTUwfQ.q-HJF8pnFkHb6_vTe-pJAicACtaG2LYpmxDzTXUQO3k,1415
jmeter816,eyJhbGciOiJIUzI1NiJ9.eyJzdWIiOiI4MTYiLCJ1c2VybmFtZSI6ImptZXRlcjgxNiIsImlhdCI6MTc4NjU0MTU1MCwiZXhwIjoxNzg2NjI3OTUwfQ.lfciQFnquAeLWd-SDUwkK8LVZDS_IbpFTb4W2CA-sGI,1416
jmeter817,eyJhbGciOiJIUzI1NiJ9.eyJzdWIiOiI4MTciLCJ1c2VybmFtZSI6ImptZXRlcjgxNyIsImlhdCI6MTc4NjU0MTU1MCwiZXhwIjoxNzg2NjI3OTUwfQ.4xKMY30o_Eg8iL5uWD8Jm_far2lPDpBlRAT8pbY1Vqk,1417
jmeter818,eyJhbGciOiJIUzI1NiJ9.eyJzdWIiOiI4MTgiLCJ1c2VybmFtZSI6ImptZXRlcjgxOCIsImlhdCI6MTc4NjU0MTU1MSwiZXhwIjoxNzg2NjI3OTUxfQ.EyMgeAxfoqbT0LG8Fm65RJEXUZ6qOzALNDjuLH2qEnQ,1418
jmeter819,eyJhbGciOiJIUzI1NiJ9.eyJzdWIiOiI4MTkiLCJ1c2VybmFtZSI6ImptZXRlcjgxOSIsImlhdCI6MTc4NjU0MTU1MSwiZXhwIjoxNzg2NjI3OTUxfQ.LYre98Uowj-BOxqS25lDBIHe7RezUoZFoD3XjW_u3z8,1419
jmeter820,eyJhbGciOiJIUzI1NiJ9.eyJzdWIiOiI4MjAiLCJ1c2VybmFtZSI6ImptZXRlcjgyMCIsImlhdCI6MTc4NjU0MTU1MSwiZXhwIjoxNzg2NjI3OTUxfQ.jYQ1uN5gehthTaxgiYmlSTUSnTw-rI4bl2De2W065x4,1420
jmeter821,eyJhbGciOiJIUzI1NiJ9.eyJzdWIiOiI4MjEiLCJ1c2VybmFtZSI6ImptZXRlcjgyMSIsImlhdCI6MTc4NjU0MTU1MSwiZXhwIjoxNzg2NjI3OTUxfQ.PZWKzQ3F5PPRtK-tT701L9hPI9opHE4g47cXG5QeiV4,1421
jmeter822,eyJhbGciOiJIUzI1NiJ9.eyJzdWIiOiI4MjIiLCJ1c2VybmFtZSI6ImptZXRlcjgyMiIsImlhdCI6MTc4NjU0MTU1MiwiZXhwIjoxNzg2NjI3OTUyfQ.HNnHc6sxbD0s9muaYFCD89Xy0bu9QzZesWtf-yf5OPQ,1422
jmeter823,eyJhbGciOiJIUzI1NiJ9.eyJzdWIiOiI4MjMiLCJ1c2VybmFtZSI6ImptZXRlcjgyMyIsImlhdCI6MTc4NjU0MTU1MiwiZXhwIjoxNzg2NjI3OTUyfQ.3yGngJA4bgX0FhusBy343YWHAoOI0sbkDftzbNw0DAI,1423
jmeter824,eyJhbGciOiJIUzI1NiJ9.eyJzdWIiOiI4MjQiLCJ1c2VybmFtZSI6ImptZXRlcjgyNCIsImlhdCI6MTc4NjU0MTU1MiwiZXhwIjoxNzg2NjI3OTUyfQ.eHwLdIrHPeN_FpGpQS8x38p8_ueGTcE4OK8gHDohXtI,1424
jmeter825,eyJhbGciOiJIUzI1NiJ9.eyJzdWIiOiI4MjUiLCJ1c2VybmFtZSI6ImptZXRlcjgyNSIsImlhdCI6MTc4NjU0MTU1MiwiZXhwIjoxNzg2NjI3OTUyfQ.oNOyEV3N_pcQUhB4qgd8WWTNLbRR9W2eJbo5M5a7lwk,1425
jmeter826,eyJhbGciOiJIUzI1NiJ9.eyJzdWIiOiI4MjYiLCJ1c2VybmFtZSI6ImptZXRlcjgyNiIsImlhdCI6MTc4NjU0MTU1MywiZXhwIjoxNzg2NjI3OTUzfQ.U33H4HbwL_DJ9P153HKpkzlqFx-y1bmD5kx51MhDev8,1426
jmeter827,eyJhbGciOiJIUzI1NiJ9.eyJzdWIiOiI4MjciLCJ1c2VybmFtZSI6ImptZXRlcjgyNyIsImlhdCI6MTc4NjU0MTU1MywiZXhwIjoxNzg2NjI3OTUzfQ.GIQ4TqtyfwUhU69KXyd3oez61bH-Jri3UIZpor2Veu0,1427
jmeter828,eyJhbGciOiJIUzI1NiJ9.eyJzdWIiOiI4MjgiLCJ1c2VybmFtZSI6ImptZXRlcjgyOCIsImlhdCI6MTc4NjU0MTU1MywiZXhwIjoxNzg2NjI3OTUzfQ.P5GfhSXZxx3LYgYt0fIfY4LzY3PbfEFWojOCydng_Zc,1428
jmeter829,eyJhbGciOiJIUzI1NiJ9.eyJzdWIiOiI4MjkiLCJ1c2VybmFtZSI6ImptZXRlcjgyOSIsImlhdCI6MTc4NjU0MTU1MywiZXhwIjoxNzg2NjI3OTUzfQ.4-TVtphQ9ms9rSv6Sk33LmbjOsv8QDU5IfiwluIy_g4,1429
jmeter830,eyJhbGciOiJIUzI1NiJ9.eyJzdWIiOiI4MzAiLCJ1c2VybmFtZSI6ImptZXRlcjgzMCIsImlhdCI6MTc4NjU0MTU1NCwiZXhwIjoxNzg2NjI3OTU0fQ.uMBxSQaUGWCr7oLsDODCOJL8x3iA9hO57NTv7458aPQ,1430
jmeter831,eyJhbGciOiJIUzI1NiJ9.eyJzdWIiOiI4MzEiLCJ1c2VybmFtZSI6ImptZXRlcjgzMSIsImlhdCI6MTc4NjU0MTU1NCwiZXhwIjoxNzg2NjI3OTU0fQ.fnd_t-XPP5CHczDZx1xvhKykrROhoUaDmFiHq2X7dTI,1431
jmeter832,eyJhbGciOiJIUzI1NiJ9.eyJzdWIiOiI4MzIiLCJ1c2VybmFtZSI6ImptZXRlcjgzMiIsImlhdCI6MTc4NjU0MTU1NCwiZXhwIjoxNzg2NjI3OTU0fQ.k2XNtdyC2lIBfCs_v8yGSjAZEVWgQzssLyYKSyqqE10,1432
jmeter833,eyJhbGciOiJIUzI1NiJ9.eyJzdWIiOiI4MzMiLCJ1c2VybmFtZSI6ImptZXRlcjgzMyIsImlhdCI6MTc4NjU0MTU1NCwiZXhwIjoxNzg2NjI3OTU0fQ.hnrvK8kme27EDa31Z4VsXGEBpeH94fgPPUjwh3ONX1I,1433
jmeter834,eyJhbGciOiJIUzI1NiJ9.eyJzdWIiOiI4MzQiLCJ1c2VybmFtZSI6ImptZXRlcjgzNCIsImlhdCI6MTc4NjU0MTU1NSwiZXhwIjoxNzg2NjI3OTU1fQ.VMMglj1iuIZZZxuOgEAASGgrPOzwngVDNjNLFQbf1l4,1434
jmeter835,eyJhbGciOiJIUzI1NiJ9.eyJzdWIiOiI4MzUiLCJ1c2VybmFtZSI6ImptZXRlcjgzNSIsImlhdCI6MTc4NjU0MTU1NSwiZXhwIjoxNzg2NjI3OTU1fQ.gCZ66hcDR1cS5vau9r8CIFh7ZSw36IUcQIP6fQ_D-Os,1435
jmeter836,eyJhbGciOiJIUzI1NiJ9.eyJzdWIiOiI4MzYiLCJ1c2VybmFtZSI6ImptZXRlcjgzNiIsImlhdCI6MTc4NjU0MTU1NSwiZXhwIjoxNzg2NjI3OTU1fQ.f9F3wPHXmMugYKr0xCV-A0cDcDlA9citGQpx1bOieTs,1436
jmeter837,eyJhbGciOiJIUzI1NiJ9.eyJzdWIiOiI4MzciLCJ1c2VybmFtZSI6ImptZXRlcjgzNyIsImlhdCI6MTc4NjU0MTU1NSwiZXhwIjoxNzg2NjI3OTU1fQ.vVN3pKIzZmgqCJRC7a9mMzrXeF8RsqQu_VnPtwQ9GRw,1437
jmeter838,eyJhbGciOiJIUzI1NiJ9.eyJzdWIiOiI4MzgiLCJ1c2VybmFtZSI6ImptZXRlcjgzOCIsImlhdCI6MTc4NjU0MTU1NSwiZXhwIjoxNzg2NjI3OTU1fQ.urqFZq-EKqm1RuqwCTJH7dsRte1ULWxY5wZTLpXPN8w,1438
jmeter839,eyJhbGciOiJIUzI1NiJ9.eyJzdWIiOiI4MzkiLCJ1c2VybmFtZSI6ImptZXRlcjgzOSIsImlhdCI6MTc4NjU0MTU1NiwiZXhwIjoxNzg2NjI3OTU2fQ.fPP6qlTU3HbYwtN0h5TUbXUwnOHfiiC3LalN4f1r13k,1439
jmeter840,eyJhbGciOiJIUzI1NiJ9.eyJzdWIiOiI4NDAiLCJ1c2VybmFtZSI6ImptZXRlcjg0MCIsImlhdCI6MTc4NjU0MTU1NiwiZXhwIjoxNzg2NjI3OTU2fQ.EBs71uOv41BXrQCofCRCG1cv8VHhu4_3L10JYm2-PW4,1440
jmeter841,eyJhbGciOiJIUzI1NiJ9.eyJzdWIiOiI4NDEiLCJ1c2VybmFtZSI6ImptZXRlcjg0MSIsImlhdCI6MTc4NjU0MTU1NiwiZXhwIjoxNzg2NjI3OTU2fQ.Tic47wwzdOK1s9rTUh13y0kjy2GEIkB60KW6ToVmQaw,1441
jmeter842,eyJhbGciOiJIUzI1NiJ9.eyJzdWIiOiI4NDIiLCJ1c2VybmFtZSI6ImptZXRlcjg0MiIsImlhdCI6MTc4NjU0MTU1NiwiZXhwIjoxNzg2NjI3OTU2fQ.oDkhmUJF_VR3d-9yMh1VckdIZGD9TUuFy7QU66GQoAc,1442
jmeter843,eyJhbGciOiJIUzI1NiJ9.eyJzdWIiOiI4NDMiLCJ1c2VybmFtZSI6ImptZXRlcjg0MyIsImlhdCI6MTc4NjU0MTU1NywiZXhwIjoxNzg2NjI3OTU3fQ.OojcPpobWqNdQfokWSEhSFAww1SyPBNSys6ZmWwXO98,1443
jmeter844,eyJhbGciOiJIUzI1NiJ9.eyJzdWIiOiI4NDQiLCJ1c2VybmFtZSI6ImptZXRlcjg0NCIsImlhdCI6MTc4NjU0MTU1NywiZXhwIjoxNzg2NjI3OTU3fQ.z_ECJ-yrEgvZYS6e6El4SVlKKFfHY3kyBFBGlQCP6pU,1444
jmeter845,eyJhbGciOiJIUzI1NiJ9.eyJzdWIiOiI4NDUiLCJ1c2VybmFtZSI6ImptZXRlcjg0NSIsImlhdCI6MTc4NjU0MTU1NywiZXhwIjoxNzg2NjI3OTU3fQ.x7Q1x39stI7TUibHNyuek1KwdoZHfki4OwbB3xmWejc,1445
jmeter846,eyJhbGciOiJIUzI1NiJ9.eyJzdWIiOiI4NDYiLCJ1c2VybmFtZSI6ImptZXRlcjg0NiIsImlhdCI6MTc4NjU0MTU1NywiZXhwIjoxNzg2NjI3OTU3fQ.PSlZRRHqQwQ9hpVor7IFwORHgmTNTeX2mRCarhMLu8E,1446
jmeter847,eyJhbGciOiJIUzI1NiJ9.eyJzdWIiOiI4NDciLCJ1c2VybmFtZSI6ImptZXRlcjg0NyIsImlhdCI6MTc4NjU0MTU1OCwiZXhwIjoxNzg2NjI3OTU4fQ.z04sevvDKQE3m962xb-8UzIaan0H2sul7Px6XA2j6pw,1447
jmeter848,eyJhbGciOiJIUzI1NiJ9.eyJzdWIiOiI4NDgiLCJ1c2VybmFtZSI6ImptZXRlcjg0OCIsImlhdCI6MTc4NjU0MTU1OCwiZXhwIjoxNzg2NjI3OTU4fQ.xWPR_rpcVDaIAIl4kqMUoINkN4-95n_IAi_l2qBc0d4,1448
jmeter849,eyJhbGciOiJIUzI1NiJ9.eyJzdWIiOiI4NDkiLCJ1c2VybmFtZSI6ImptZXRlcjg0OSIsImlhdCI6MTc4NjU0MTU1OCwiZXhwIjoxNzg2NjI3OTU4fQ.mMA-b02g5W66dvc1JetHjiX1EQaCtFUQrAfE_aEBM5U,1449
jmeter850,eyJhbGciOiJIUzI1NiJ9.eyJzdWIiOiI4NTAiLCJ1c2VybmFtZSI6ImptZXRlcjg1MCIsImlhdCI6MTc4NjU0MTU1OCwiZXhwIjoxNzg2NjI3OTU4fQ.OVhBDPNNlPDKZYEd81tlNtvo7JxFXnAUTjG2u5wnwLY,1450
jmeter851,eyJhbGciOiJIUzI1NiJ9.eyJzdWIiOiI4NTEiLCJ1c2VybmFtZSI6ImptZXRlcjg1MSIsImlhdCI6MTc4NjU0MTU1OSwiZXhwIjoxNzg2NjI3OTU5fQ.HYZxkKt-4esbUBB6TMgfV1Ke1xq4g5SkgLDZIWXwkCU,1451
jmeter852,eyJhbGciOiJIUzI1NiJ9.eyJzdWIiOiI4NTIiLCJ1c2VybmFtZSI6ImptZXRlcjg1MiIsImlhdCI6MTc4NjU0MTU1OSwiZXhwIjoxNzg2NjI3OTU5fQ.I4yZSZSoKgdvnTdN_crxQiYa0kQS1JKtUYVxousavfM,1452
jmeter853,eyJhbGciOiJIUzI1NiJ9.eyJzdWIiOiI4NTMiLCJ1c2VybmFtZSI6ImptZXRlcjg1MyIsImlhdCI6MTc4NjU0MTU1OSwiZXhwIjoxNzg2NjI3OTU5fQ.pnkpolKzRbDoaQExGpHipB-rSHDuUtyUSTHB_SRM6yE,1453
jmeter854,eyJhbGciOiJIUzI1NiJ9.eyJzdWIiOiI4NTQiLCJ1c2VybmFtZSI6ImptZXRlcjg1NCIsImlhdCI6MTc4NjU0MTU1OSwiZXhwIjoxNzg2NjI3OTU5fQ.Tach09s6SXDY5rQiXfUJnUiCaJhtdxliJq8cJlWgKn4,1454
jmeter855,eyJhbGciOiJIUzI1NiJ9.eyJzdWIiOiI4NTUiLCJ1c2VybmFtZSI6ImptZXRlcjg1NSIsImlhdCI6MTc4NjU0MTU2MCwiZXhwIjoxNzg2NjI3OTYwfQ.nwSKj6zB29os2_ARaw3rkm2VcBM1Kwcvgqm7IdG0c9Q,1455
jmeter856,eyJhbGciOiJIUzI1NiJ9.eyJzdWIiOiI4NTYiLCJ1c2VybmFtZSI6ImptZXRlcjg1NiIsImlhdCI6MTc4NjU0MTU2MCwiZXhwIjoxNzg2NjI3OTYwfQ.gEus2sgkQcujxiCD2u082Cj4CwlIADG7ITA_KHet12A,1456
jmeter857,eyJhbGciOiJIUzI1NiJ9.eyJzdWIiOiI4NTciLCJ1c2VybmFtZSI6ImptZXRlcjg1NyIsImlhdCI6MTc4NjU0MTU2MCwiZXhwIjoxNzg2NjI3OTYwfQ.0Kl8NpTpkNIhN3T5sN77lFbtW6OlWEndUgfc8VgDoFA,1457
jmeter858,eyJhbGciOiJIUzI1NiJ9.eyJzdWIiOiI4NTgiLCJ1c2VybmFtZSI6ImptZXRlcjg1OCIsImlhdCI6MTc4NjU0MTU2MCwiZXhwIjoxNzg2NjI3OTYwfQ.H24UCRMMPkxq7ZJqHrA_DKtLbp3Qx5eCIsb4WQOLpCU,1458
jmeter859,eyJhbGciOiJIUzI1NiJ9.eyJzdWIiOiI4NTkiLCJ1c2VybmFtZSI6ImptZXRlcjg1OSIsImlhdCI6MTc4NjU0MTU2MSwiZXhwIjoxNzg2NjI3OTYxfQ.Dpwyg5s0PFSONECS-n44PNgkYBkbJQ7FyCAVogw8TQU,1459
jmeter860,eyJhbGciOiJIUzI1NiJ9.eyJzdWIiOiI4NjAiLCJ1c2VybmFtZSI6ImptZXRlcjg2MCIsImlhdCI6MTc4NjU0MTU2MSwiZXhwIjoxNzg2NjI3OTYxfQ.cGq_nqEgS9yBEDYrcJE08JGBmvUwVnqhxR2AtBlgBS8,1460
jmeter861,eyJhbGciOiJIUzI1NiJ9.eyJzdWIiOiI4NjEiLCJ1c2VybmFtZSI6ImptZXRlcjg2MSIsImlhdCI6MTc4NjU0MTU2MSwiZXhwIjoxNzg2NjI3OTYxfQ.I9Y5cU0DXcCkcVmN_5wXdKImH8RE15euDC-fAozgEIg,1461
jmeter862,eyJhbGciOiJIUzI1NiJ9.eyJzdWIiOiI4NjIiLCJ1c2VybmFtZSI6ImptZXRlcjg2MiIsImlhdCI6MTc4NjU0MTU2MSwiZXhwIjoxNzg2NjI3OTYxfQ._Am3Wyj5wHBeSLNADEwGrWtZc49qOsUclZUC6pzjLwk,1462
jmeter863,eyJhbGciOiJIUzI1NiJ9.eyJzdWIiOiI4NjMiLCJ1c2VybmFtZSI6ImptZXRlcjg2MyIsImlhdCI6MTc4NjU0MTU2MiwiZXhwIjoxNzg2NjI3OTYyfQ.axIkMZqnexgD3nOYon77kJZIU9-bpzyG2iRdWEx5Cck,1463
jmeter864,eyJhbGciOiJIUzI1NiJ9.eyJzdWIiOiI4NjQiLCJ1c2VybmFtZSI6ImptZXRlcjg2NCIsImlhdCI6MTc4NjU0MTU2MiwiZXhwIjoxNzg2NjI3OTYyfQ.Oy5T76ftMGiKGIEjZDLIHL9g6ce6yVtKhaFeSxabXMc,1464
jmeter865,eyJhbGciOiJIUzI1NiJ9.eyJzdWIiOiI4NjUiLCJ1c2VybmFtZSI6ImptZXRlcjg2NSIsImlhdCI6MTc4NjU0MTU2MiwiZXhwIjoxNzg2NjI3OTYyfQ.lMKcjnTgK6tBcq67yduKvCK5wM6XOYB0Py6wsAOrTcc,1465
jmeter866,eyJhbGciOiJIUzI1NiJ9.eyJzdWIiOiI4NjYiLCJ1c2VybmFtZSI6ImptZXRlcjg2NiIsImlhdCI6MTc4NjU0MTU2MiwiZXhwIjoxNzg2NjI3OTYyfQ.AxkFiNAOpmaVQdkRlMtLi0aVvT9ZycJLdA9L8LuU75c,1466
jmeter867,eyJhbGciOiJIUzI1NiJ9.eyJzdWIiOiI4NjciLCJ1c2VybmFtZSI6ImptZXRlcjg2NyIsImlhdCI6MTc4NjU0MTU2MywiZXhwIjoxNzg2NjI3OTYzfQ.B1NNDRZiBcLXk11fGDXEHai6Prl449XIoGaN3JZSu2M,1467
jmeter868,eyJhbGciOiJIUzI1NiJ9.eyJzdWIiOiI4NjgiLCJ1c2VybmFtZSI6ImptZXRlcjg2OCIsImlhdCI6MTc4NjU0MTU2MywiZXhwIjoxNzg2NjI3OTYzfQ.9OcfvByT8bBT3dx-ZDlp-W56ABgQV0W2JdyKJDWvSPo,1468
jmeter869,eyJhbGciOiJIUzI1NiJ9.eyJzdWIiOiI4NjkiLCJ1c2VybmFtZSI6ImptZXRlcjg2OSIsImlhdCI6MTc4NjU0MTU2MywiZXhwIjoxNzg2NjI3OTYzfQ.BKf7KvHqVjg-uaobM8mpOqlWhhPe9QiFcxtI9ZLP6Ak,1469
jmeter870,eyJhbGciOiJIUzI1NiJ9.eyJzdWIiOiI4NzAiLCJ1c2VybmFtZSI6ImptZXRlcjg3MCIsImlhdCI6MTc4NjU0MTU2MywiZXhwIjoxNzg2NjI3OTYzfQ.L3g5qUAam9_mxJJEYz_mpUHBpceE0o7FsK1qA_pqzOI,1470
jmeter871,eyJhbGciOiJIUzI1NiJ9.eyJzdWIiOiI4NzEiLCJ1c2VybmFtZSI6ImptZXRlcjg3MSIsImlhdCI6MTc4NjU0MTU2NCwiZXhwIjoxNzg2NjI3OTY0fQ.y-BWZBOYm3uRPH7dOsRjXDRE_VZVcHLvozvBG2e6ftw,1471
jmeter872,eyJhbGciOiJIUzI1NiJ9.eyJzdWIiOiI4NzIiLCJ1c2VybmFtZSI6ImptZXRlcjg3MiIsImlhdCI6MTc4NjU0MTU2NCwiZXhwIjoxNzg2NjI3OTY0fQ.rvmuU4zGsz6x-ywGhXfK8CP4oKLhvinDdp1g7d2Tfxg,1472
jmeter873,eyJhbGciOiJIUzI1NiJ9.eyJzdWIiOiI4NzMiLCJ1c2VybmFtZSI6ImptZXRlcjg3MyIsImlhdCI6MTc4NjU0MTU2NCwiZXhwIjoxNzg2NjI3OTY0fQ.OhzPJDUPJM5Qdh7IyLTjjOhZMHBmD4SMjzzrDHeSr0Y,1473
jmeter874,eyJhbGciOiJIUzI1NiJ9.eyJzdWIiOiI4NzQiLCJ1c2VybmFtZSI6ImptZXRlcjg3NCIsImlhdCI6MTc4NjU0MTU2NCwiZXhwIjoxNzg2NjI3OTY0fQ.XhR9SCmOL6GOf0XI-hcwu0IQkHfysKX4lYVIraXc6ZI,1474
jmeter875,eyJhbGciOiJIUzI1NiJ9.eyJzdWIiOiI4NzUiLCJ1c2VybmFtZSI6ImptZXRlcjg3NSIsImlhdCI6MTc4NjU0MTU2NCwiZXhwIjoxNzg2NjI3OTY0fQ.r0npZeol-4QLWGEjTQODZiukbAIDNB4GW5EegQpbSnI,1475
jmeter876,eyJhbGciOiJIUzI1NiJ9.eyJzdWIiOiI4NzYiLCJ1c2VybmFtZSI6ImptZXRlcjg3NiIsImlhdCI6MTc4NjU0MTU2NSwiZXhwIjoxNzg2NjI3OTY1fQ.bda008OJNi6kHEH14MDIozFchO7E2kjR5f4FXJwAvhw,1476
jmeter877,eyJhbGciOiJIUzI1NiJ9.eyJzdWIiOiI4NzciLCJ1c2VybmFtZSI6ImptZXRlcjg3NyIsImlhdCI6MTc4NjU0MTU2NSwiZXhwIjoxNzg2NjI3OTY1fQ.GldeuNw_ebHiDE6NjVqy27uH0KwGeRbp7lj1HlHWYOQ,1477
jmeter878,eyJhbGciOiJIUzI1NiJ9.eyJzdWIiOiI4NzgiLCJ1c2VybmFtZSI6ImptZXRlcjg3OCIsImlhdCI6MTc4NjU0MTU2NSwiZXhwIjoxNzg2NjI3OTY1fQ.U2JWehvTfLyac13B6hV_1YryxLaHiUzs0yX1OLzUru8,1478
jmeter879,eyJhbGciOiJIUzI1NiJ9.eyJzdWIiOiI4NzkiLCJ1c2VybmFtZSI6ImptZXRlcjg3OSIsImlhdCI6MTc4NjU0MTU2NSwiZXhwIjoxNzg2NjI3OTY1fQ.7n9cvWpRvrctCJkVlLVrFRq3a5ZaQmqWpCSGcOAx8SI,1479
jmeter880,eyJhbGciOiJIUzI1NiJ9.eyJzdWIiOiI4ODAiLCJ1c2VybmFtZSI6ImptZXRlcjg4MCIsImlhdCI6MTc4NjU0MTU2NiwiZXhwIjoxNzg2NjI3OTY2fQ.yzutfHNZNiMclMduLiwImd4afxRbRnBBjLoGnteEbuQ,1480
jmeter881,eyJhbGciOiJIUzI1NiJ9.eyJzdWIiOiI4ODEiLCJ1c2VybmFtZSI6ImptZXRlcjg4MSIsImlhdCI6MTc4NjU0MTU2NiwiZXhwIjoxNzg2NjI3OTY2fQ.1YbalWKkcwb9kyx-Qp9mecCpB9BZ-RWiEJdNlTRF3JQ,1481
jmeter882,eyJhbGciOiJIUzI1NiJ9.eyJzdWIiOiI4ODIiLCJ1c2VybmFtZSI6ImptZXRlcjg4MiIsImlhdCI6MTc4NjU0MTU2NiwiZXhwIjoxNzg2NjI3OTY2fQ.oMg67yWNB7GMxcvfp2-AU6UxsDFuixKvOJxE1xPD0_Q,1482
jmeter883,eyJhbGciOiJIUzI1NiJ9.eyJzdWIiOiI4ODMiLCJ1c2VybmFtZSI6ImptZXRlcjg4MyIsImlhdCI6MTc4NjU0MTU2NiwiZXhwIjoxNzg2NjI3OTY2fQ.o5XaUxi_HweWULZ-4ClgXkSUplDF2F3Wa9ZJtbkCNBQ,1483
jmeter884,eyJhbGciOiJIUzI1NiJ9.eyJzdWIiOiI4ODQiLCJ1c2VybmFtZSI6ImptZXRlcjg4NCIsImlhdCI6MTc4NjU0MTU2NywiZXhwIjoxNzg2NjI3OTY3fQ.RelmGvVHEkhDdjgwkbAf-I9tPR_87GS7PaAlp4HXSPQ,1484
jmeter885,eyJhbGciOiJIUzI1NiJ9.eyJzdWIiOiI4ODUiLCJ1c2VybmFtZSI6ImptZXRlcjg4NSIsImlhdCI6MTc4NjU0MTU2NywiZXhwIjoxNzg2NjI3OTY3fQ.5rBRsighWwq9kaa-e6Zt3B0Vv3yV7402IDoByIS46wQ,1485
jmeter886,eyJhbGciOiJIUzI1NiJ9.eyJzdWIiOiI4ODYiLCJ1c2VybmFtZSI6ImptZXRlcjg4NiIsImlhdCI6MTc4NjU0MTU2NywiZXhwIjoxNzg2NjI3OTY3fQ.0tr5alNNoM9sLhuMfcs-R6fqKXPP150u8z-wX-O0B7U,1486
jmeter887,eyJhbGciOiJIUzI1NiJ9.eyJzdWIiOiI4ODciLCJ1c2VybmFtZSI6ImptZXRlcjg4NyIsImlhdCI6MTc4NjU0MTU2NywiZXhwIjoxNzg2NjI3OTY3fQ.gOuFhAq_6gNmicmJp3FVd9KvFOeP6l0Yqaf9FI-tPe8,1487
jmeter888,eyJhbGciOiJIUzI1NiJ9.eyJzdWIiOiI4ODgiLCJ1c2VybmFtZSI6ImptZXRlcjg4OCIsImlhdCI6MTc4NjU0MTU2OCwiZXhwIjoxNzg2NjI3OTY4fQ.c_4J-o4D4W_nlnFj9BWVcwNB0lIXhFUo_FY3ltr3NRo,1488
jmeter889,eyJhbGciOiJIUzI1NiJ9.eyJzdWIiOiI4ODkiLCJ1c2VybmFtZSI6ImptZXRlcjg4OSIsImlhdCI6MTc4NjU0MTU2OCwiZXhwIjoxNzg2NjI3OTY4fQ.SGjbC4dUiH8WCHaRNxS1bvRziYhdmf5mLili1AkcwZo,1489
jmeter890,eyJhbGciOiJIUzI1NiJ9.eyJzdWIiOiI4OTAiLCJ1c2VybmFtZSI6ImptZXRlcjg5MCIsImlhdCI6MTc4NjU0MTU2OCwiZXhwIjoxNzg2NjI3OTY4fQ.knrGBbOTDfq5NjmSGfiJC0h54Npp2rAPcsk_gJKd8BA,1490
jmeter891,eyJhbGciOiJIUzI1NiJ9.eyJzdWIiOiI4OTEiLCJ1c2VybmFtZSI6ImptZXRlcjg5MSIsImlhdCI6MTc4NjU0MTU2OCwiZXhwIjoxNzg2NjI3OTY4fQ.ZmDGX3oAtTEd_2-s3PxS1hn0YGs3-SdzZ70XODqvsro,1491
jmeter892,eyJhbGciOiJIUzI1NiJ9.eyJzdWIiOiI4OTIiLCJ1c2VybmFtZSI6ImptZXRlcjg5MiIsImlhdCI6MTc4NjU0MTU2OCwiZXhwIjoxNzg2NjI3OTY4fQ.SZSUH1gZGS5vJZcUmlZhFlY7k4A87lfmE-Ha44rY5Yk,1492
jmeter893,eyJhbGciOiJIUzI1NiJ9.eyJzdWIiOiI4OTMiLCJ1c2VybmFtZSI6ImptZXRlcjg5MyIsImlhdCI6MTc4NjU0MTU2OSwiZXhwIjoxNzg2NjI3OTY5fQ.lG-YIRWYoh4VpGREIXSalHwygdZtHTah0wrAn9c8C2Y,1493
jmeter894,eyJhbGciOiJIUzI1NiJ9.eyJzdWIiOiI4OTQiLCJ1c2VybmFtZSI6ImptZXRlcjg5NCIsImlhdCI6MTc4NjU0MTU2OSwiZXhwIjoxNzg2NjI3OTY5fQ.s_D0DOxIl5H5GPs0VfZoBltVFjDSv2SjJMbuX1ZPz0M,1494
jmeter895,eyJhbGciOiJIUzI1NiJ9.eyJzdWIiOiI4OTUiLCJ1c2VybmFtZSI6ImptZXRlcjg5NSIsImlhdCI6MTc4NjU0MTU2OSwiZXhwIjoxNzg2NjI3OTY5fQ.PcHI3I4hT3wGQZ4FGcs0PEyHCfx4eOytZDfGp173W_A,1495
jmeter896,eyJhbGciOiJIUzI1NiJ9.eyJzdWIiOiI4OTYiLCJ1c2VybmFtZSI6ImptZXRlcjg5NiIsImlhdCI6MTc4NjU0MTU2OSwiZXhwIjoxNzg2NjI3OTY5fQ.Uu1N9esgjKxqgWnRdNcLXolnek5Ez9YTwoCG8wyojkk,1496
jmeter897,eyJhbGciOiJIUzI1NiJ9.eyJzdWIiOiI4OTciLCJ1c2VybmFtZSI6ImptZXRlcjg5NyIsImlhdCI6MTc4NjU0MTU3MCwiZXhwIjoxNzg2NjI3OTcwfQ.eoqogFqbSpbgfP1YBSxlsYht5PH2t5b-n-JxCyI7WCw,1497
jmeter898,eyJhbGciOiJIUzI1NiJ9.eyJzdWIiOiI4OTgiLCJ1c2VybmFtZSI6ImptZXRlcjg5OCIsImlhdCI6MTc4NjU0MTU3MCwiZXhwIjoxNzg2NjI3OTcwfQ.0Q4Ew_9_4G7c1YNwAsgyBxVRDxEkVB-D7Mo3IhCzy1o,1498
jmeter899,eyJhbGciOiJIUzI1NiJ9.eyJzdWIiOiI4OTkiLCJ1c2VybmFtZSI6ImptZXRlcjg5OSIsImlhdCI6MTc4NjU0MTU3MCwiZXhwIjoxNzg2NjI3OTcwfQ.gy2rfQbe65agegOWCLv1zy19y-AyzXpwYmI6a2hoHiA,1499
jmeter900,eyJhbGciOiJIUzI1NiJ9.eyJzdWIiOiI5MDAiLCJ1c2VybmFtZSI6ImptZXRlcjkwMCIsImlhdCI6MTc4NjU0MTU3MCwiZXhwIjoxNzg2NjI3OTcwfQ.FJDRtzFe74laDt2H1BI-A5cQDFn8AuPMMRMNVh6rhFY,1500
jmeter901,eyJhbGciOiJIUzI1NiJ9.eyJzdWIiOiI5MDEiLCJ1c2VybmFtZSI6ImptZXRlcjkwMSIsImlhdCI6MTc4NjU0MTU3MSwiZXhwIjoxNzg2NjI3OTcxfQ.3m1rBcqiDQZ2e6ERgMJsx2JFxR2FmnfqcP-P1QrmVSE,1501
jmeter902,eyJhbGciOiJIUzI1NiJ9.eyJzdWIiOiI5MDIiLCJ1c2VybmFtZSI6ImptZXRlcjkwMiIsImlhdCI6MTc4NjU0MTU3MSwiZXhwIjoxNzg2NjI3OTcxfQ.kSaI8cAzpiRsT7t-835sz1UL5by8XOUbouBDLF9GfHc,1502
jmeter903,eyJhbGciOiJIUzI1NiJ9.eyJzdWIiOiI5MDMiLCJ1c2VybmFtZSI6ImptZXRlcjkwMyIsImlhdCI6MTc4NjU0MTU3MSwiZXhwIjoxNzg2NjI3OTcxfQ.RH2G8ucIUYGAg5d6f-vO_esUoiZhXKkPllRxQ_l-WY0,1503
jmeter904,eyJhbGciOiJIUzI1NiJ9.eyJzdWIiOiI5MDQiLCJ1c2VybmFtZSI6ImptZXRlcjkwNCIsImlhdCI6MTc4NjU0MTU3MSwiZXhwIjoxNzg2NjI3OTcxfQ.LEy4J03edH9W4OPTuLaSLru8prjlxAY7xZMelRWXirw,1504
jmeter905,eyJhbGciOiJIUzI1NiJ9.eyJzdWIiOiI5MDUiLCJ1c2VybmFtZSI6ImptZXRlcjkwNSIsImlhdCI6MTc4NjU0MTU3MiwiZXhwIjoxNzg2NjI3OTcyfQ.9R2CyZgv5o0RnGIhqmytIqmoNofPsWfxQ2nufbXenb0,1505
jmeter906,eyJhbGciOiJIUzI1NiJ9.eyJzdWIiOiI5MDYiLCJ1c2VybmFtZSI6ImptZXRlcjkwNiIsImlhdCI6MTc4NjU0MTU3MiwiZXhwIjoxNzg2NjI3OTcyfQ.EBy9YhbNX7ABHp3aL8gHEpP-VRBxOrz7AmNq9Qhtf4U,1506
jmeter907,eyJhbGciOiJIUzI1NiJ9.eyJzdWIiOiI5MDciLCJ1c2VybmFtZSI6ImptZXRlcjkwNyIsImlhdCI6MTc4NjU0MTU3MiwiZXhwIjoxNzg2NjI3OTcyfQ.Or2KOc0G3sGGnyA7TcUJ0FjQvqE6CbxCJEZwg9VWSPk,1507
jmeter908,eyJhbGciOiJIUzI1NiJ9.eyJzdWIiOiI5MDgiLCJ1c2VybmFtZSI6ImptZXRlcjkwOCIsImlhdCI6MTc4NjU0MTU3MiwiZXhwIjoxNzg2NjI3OTcyfQ.mm2ixQZZQCSchgSIU5ZhcwHHRwyTxegoL13_mHDYYzg,1508
jmeter909,eyJhbGciOiJIUzI1NiJ9.eyJzdWIiOiI5MDkiLCJ1c2VybmFtZSI6ImptZXRlcjkwOSIsImlhdCI6MTc4NjU0MTU3MywiZXhwIjoxNzg2NjI3OTczfQ.ytKXW42_dz2cphGb6rDPUIuAYPr_KEMQGnE3CUfK0Hs,1509
jmeter910,eyJhbGciOiJIUzI1NiJ9.eyJzdWIiOiI5MTAiLCJ1c2VybmFtZSI6ImptZXRlcjkxMCIsImlhdCI6MTc4NjU0MTU3MywiZXhwIjoxNzg2NjI3OTczfQ.JXQ1BU4A1XHt_RPEzacfqydD80sqor7nksriRcACp7E,1510
jmeter911,eyJhbGciOiJIUzI1NiJ9.eyJzdWIiOiI5MTEiLCJ1c2VybmFtZSI6ImptZXRlcjkxMSIsImlhdCI6MTc4NjU0MTU3MywiZXhwIjoxNzg2NjI3OTczfQ.rIzHCT8Znr0yZSmls0iZBzxLf5Z0DZ5CGU-36cV-8Dc,1511
jmeter912,eyJhbGciOiJIUzI1NiJ9.eyJzdWIiOiI5MTIiLCJ1c2VybmFtZSI6ImptZXRlcjkxMiIsImlhdCI6MTc4NjU0MTU3MywiZXhwIjoxNzg2NjI3OTczfQ.zRbTW78RbWAk4SVFjSy-0_jKVl65ECdiVmAv-aGHoWo,1512
jmeter913,eyJhbGciOiJIUzI1NiJ9.eyJzdWIiOiI5MTMiLCJ1c2VybmFtZSI6ImptZXRlcjkxMyIsImlhdCI6MTc4NjU0MTU3MywiZXhwIjoxNzg2NjI3OTczfQ.BbNzrdHhmZtZN6uE3NZsTG1bSHOIg4FLxpeHK1WZaqk,1513
jmeter914,eyJhbGciOiJIUzI1NiJ9.eyJzdWIiOiI5MTQiLCJ1c2VybmFtZSI6ImptZXRlcjkxNCIsImlhdCI6MTc4NjU0MTU3NCwiZXhwIjoxNzg2NjI3OTc0fQ.NTuQKWqwjplUTAaJQiIAqImL_hyOpCHlqV_GwMATShI,1514
jmeter915,eyJhbGciOiJIUzI1NiJ9.eyJzdWIiOiI5MTUiLCJ1c2VybmFtZSI6ImptZXRlcjkxNSIsImlhdCI6MTc4NjU0MTU3NCwiZXhwIjoxNzg2NjI3OTc0fQ.t5FM_KqiLcvcj598voVzOiJS8pYKmhfY_q-kjIFhqvM,1515
jmeter916,eyJhbGciOiJIUzI1NiJ9.eyJzdWIiOiI5MTYiLCJ1c2VybmFtZSI6ImptZXRlcjkxNiIsImlhdCI6MTc4NjU0MTU3NCwiZXhwIjoxNzg2NjI3OTc0fQ.VN3moJDPz4E_1Q7cisPT4cr7TzBE3VKuHcf6tyaNC4Q,1516
jmeter917,eyJhbGciOiJIUzI1NiJ9.eyJzdWIiOiI5MTciLCJ1c2VybmFtZSI6ImptZXRlcjkxNyIsImlhdCI6MTc4NjU0MTU3NCwiZXhwIjoxNzg2NjI3OTc0fQ.kLLGXNyQJV125vfe2k0DtqQTwFyy72RpWjVMncU6u-A,1517
jmeter918,eyJhbGciOiJIUzI1NiJ9.eyJzdWIiOiI5MTgiLCJ1c2VybmFtZSI6ImptZXRlcjkxOCIsImlhdCI6MTc4NjU0MTU3NSwiZXhwIjoxNzg2NjI3OTc1fQ.SSeHy2FcVqJ0Y8rRQk_wlD9xJoIqEAS5k-uTzCe4g4Y,1518
jmeter919,eyJhbGciOiJIUzI1NiJ9.eyJzdWIiOiI5MTkiLCJ1c2VybmFtZSI6ImptZXRlcjkxOSIsImlhdCI6MTc4NjU0MTU3NSwiZXhwIjoxNzg2NjI3OTc1fQ.IiqUlbskF0i8XHkNLmbwRsKLswBYNW8-yNKSqL0NgAM,1519
jmeter920,eyJhbGciOiJIUzI1NiJ9.eyJzdWIiOiI5MjAiLCJ1c2VybmFtZSI6ImptZXRlcjkyMCIsImlhdCI6MTc4NjU0MTU3NSwiZXhwIjoxNzg2NjI3OTc1fQ.PKXvLfK6GoU9n7bPBjMIfVbXuL6eo1aknmgUqM0COPY,1520
jmeter921,eyJhbGciOiJIUzI1NiJ9.eyJzdWIiOiI5MjEiLCJ1c2VybmFtZSI6ImptZXRlcjkyMSIsImlhdCI6MTc4NjU0MTU3NSwiZXhwIjoxNzg2NjI3OTc1fQ.AeaWj1LhFpKh-K7nhO1b_hJ9Di9EosLKipYo9o71cUo,1521
jmeter922,eyJhbGciOiJIUzI1NiJ9.eyJzdWIiOiI5MjIiLCJ1c2VybmFtZSI6ImptZXRlcjkyMiIsImlhdCI6MTc4NjU0MTU3NiwiZXhwIjoxNzg2NjI3OTc2fQ.ItSao9K3P0J26_yHk7x715SvKWqBlsoGzuA2F29O_nc,1522
jmeter923,eyJhbGciOiJIUzI1NiJ9.eyJzdWIiOiI5MjMiLCJ1c2VybmFtZSI6ImptZXRlcjkyMyIsImlhdCI6MTc4NjU0MTU3NiwiZXhwIjoxNzg2NjI3OTc2fQ.6BWRcD1k7QwbKLyRZh7ulDnU-OmlwiZwaHAGVFpNEl4,1523
jmeter924,eyJhbGciOiJIUzI1NiJ9.eyJzdWIiOiI5MjQiLCJ1c2VybmFtZSI6ImptZXRlcjkyNCIsImlhdCI6MTc4NjU0MTU3NiwiZXhwIjoxNzg2NjI3OTc2fQ.i6g1FcHkpE0Mle02_0Rcb7OMGvngTW-0a9w09r-aKPM,1524
jmeter925,eyJhbGciOiJIUzI1NiJ9.eyJzdWIiOiI5MjUiLCJ1c2VybmFtZSI6ImptZXRlcjkyNSIsImlhdCI6MTc4NjU0MTU3NiwiZXhwIjoxNzg2NjI3OTc2fQ.e6_tBJkpP-LcRsa7c449-gNiCdrHjz2lw0QDRfx6CnA,1525
jmeter926,eyJhbGciOiJIUzI1NiJ9.eyJzdWIiOiI5MjYiLCJ1c2VybmFtZSI6ImptZXRlcjkyNiIsImlhdCI6MTc4NjU0MTU3NiwiZXhwIjoxNzg2NjI3OTc2fQ.X8XqggHtSQzZ3fsMnFk4bE0uiSY3NcO66TSq5NnutKU,1526
jmeter927,eyJhbGciOiJIUzI1NiJ9.eyJzdWIiOiI5MjciLCJ1c2VybmFtZSI6ImptZXRlcjkyNyIsImlhdCI6MTc4NjU0MTU3NywiZXhwIjoxNzg2NjI3OTc3fQ.1M47E4wHfwwcLzJ0-ucuFqr16MXx7sAquTLDKBBEcAU,1527
jmeter928,eyJhbGciOiJIUzI1NiJ9.eyJzdWIiOiI5MjgiLCJ1c2VybmFtZSI6ImptZXRlcjkyOCIsImlhdCI6MTc4NjU0MTU3NywiZXhwIjoxNzg2NjI3OTc3fQ.6Q7HzA56sERzMHaOXfQzB5b3h8tqyIS_bvmXWnu0CLU,1528
jmeter929,eyJhbGciOiJIUzI1NiJ9.eyJzdWIiOiI5MjkiLCJ1c2VybmFtZSI6ImptZXRlcjkyOSIsImlhdCI6MTc4NjU0MTU3NywiZXhwIjoxNzg2NjI3OTc3fQ.mB8t-oQzG12s-GAEb3vr_nM8d1cqG_X8qbmFr8wXtxc,1529
jmeter930,eyJhbGciOiJIUzI1NiJ9.eyJzdWIiOiI5MzAiLCJ1c2VybmFtZSI6ImptZXRlcjkzMCIsImlhdCI6MTc4NjU0MTU3NywiZXhwIjoxNzg2NjI3OTc3fQ.2hNZh_SKKDRqZX1bpZqpx09eMY0yOc94nrNCGfND-vw,1530
jmeter931,eyJhbGciOiJIUzI1NiJ9.eyJzdWIiOiI5MzEiLCJ1c2VybmFtZSI6ImptZXRlcjkzMSIsImlhdCI6MTc4NjU0MTU3OCwiZXhwIjoxNzg2NjI3OTc4fQ.AkjbCdcZn4LqORF-dmxJ2uU9C_gZBAtC0XxCHHs_SEg,1531
jmeter932,eyJhbGciOiJIUzI1NiJ9.eyJzdWIiOiI5MzIiLCJ1c2VybmFtZSI6ImptZXRlcjkzMiIsImlhdCI6MTc4NjU0MTU3OCwiZXhwIjoxNzg2NjI3OTc4fQ.Okbh5bxYnd9FPGX5fQ7ycC6fOkbRAxoz6REMkHPUEks,1532
jmeter933,eyJhbGciOiJIUzI1NiJ9.eyJzdWIiOiI5MzMiLCJ1c2VybmFtZSI6ImptZXRlcjkzMyIsImlhdCI6MTc4NjU0MTU3OCwiZXhwIjoxNzg2NjI3OTc4fQ.YKayWCnmoCLC9eQ7FqshWQ1jXdlmC56m0a3YnJVxvrg,1533
jmeter934,eyJhbGciOiJIUzI1NiJ9.eyJzdWIiOiI5MzQiLCJ1c2VybmFtZSI6ImptZXRlcjkzNCIsImlhdCI6MTc4NjU0MTU3OCwiZXhwIjoxNzg2NjI3OTc4fQ.rJ9xfbJf3-RQwBWSAs5MrXasyfdw9UseCKbpNjbqWBo,1534
jmeter935,eyJhbGciOiJIUzI1NiJ9.eyJzdWIiOiI5MzUiLCJ1c2VybmFtZSI6ImptZXRlcjkzNSIsImlhdCI6MTc4NjU0MTU3OSwiZXhwIjoxNzg2NjI3OTc5fQ.xlq3JLfF8GBhDJdNr9s5_rKwJC7BlrAdswt9rFSMJzo,1535
jmeter936,eyJhbGciOiJIUzI1NiJ9.eyJzdWIiOiI5MzYiLCJ1c2VybmFtZSI6ImptZXRlcjkzNiIsImlhdCI6MTc4NjU0MTU3OSwiZXhwIjoxNzg2NjI3OTc5fQ.NM4LdYjcDFMJd0JOj_dLDcZhV43Gt4V_0Mqnqyrj5qI,1536
jmeter937,eyJhbGciOiJIUzI1NiJ9.eyJzdWIiOiI5MzciLCJ1c2VybmFtZSI6ImptZXRlcjkzNyIsImlhdCI6MTc4NjU0MTU3OSwiZXhwIjoxNzg2NjI3OTc5fQ.i-lghi_hjTzVzbNVLdDVFJz-DNAdWa4_95pckHK8W64,1537
jmeter938,eyJhbGciOiJIUzI1NiJ9.eyJzdWIiOiI5MzgiLCJ1c2VybmFtZSI6ImptZXRlcjkzOCIsImlhdCI6MTc4NjU0MTU3OSwiZXhwIjoxNzg2NjI3OTc5fQ.tlid8HjY8XKMgDflccqWIGZMznsaZjc8yuxtilsYjVI,1538
jmeter939,eyJhbGciOiJIUzI1NiJ9.eyJzdWIiOiI5MzkiLCJ1c2VybmFtZSI6ImptZXRlcjkzOSIsImlhdCI6MTc4NjU0MTU3OSwiZXhwIjoxNzg2NjI3OTc5fQ.hR1DKOnojzCbeoytd_wRfER3mYyMCQWNva-yxYueFfg,1539
jmeter940,eyJhbGciOiJIUzI1NiJ9.eyJzdWIiOiI5NDAiLCJ1c2VybmFtZSI6ImptZXRlcjk0MCIsImlhdCI6MTc4NjU0MTU4MCwiZXhwIjoxNzg2NjI3OTgwfQ.iQFdMgqg8Pxx0uueLE-glFQTIxvS1L3MZmKBgFCLARw,1540
jmeter941,eyJhbGciOiJIUzI1NiJ9.eyJzdWIiOiI5NDEiLCJ1c2VybmFtZSI6ImptZXRlcjk0MSIsImlhdCI6MTc4NjU0MTU4MCwiZXhwIjoxNzg2NjI3OTgwfQ.1MLLDvJO8nCDVh0dWcmi047TH4G7pQiccp2bGKpwzww,1541
jmeter942,eyJhbGciOiJIUzI1NiJ9.eyJzdWIiOiI5NDIiLCJ1c2VybmFtZSI6ImptZXRlcjk0MiIsImlhdCI6MTc4NjU0MTU4MCwiZXhwIjoxNzg2NjI3OTgwfQ.t75VlkxNLv1tkROuGDfCcMgxmwfCQjYtjYgTvHKNfIc,1542
jmeter943,eyJhbGciOiJIUzI1NiJ9.eyJzdWIiOiI5NDMiLCJ1c2VybmFtZSI6ImptZXRlcjk0MyIsImlhdCI6MTc4NjU0MTU4MCwiZXhwIjoxNzg2NjI3OTgwfQ.CwvmSWwxB_vZEyW3fpy3jR3EXWT-_eeqS9DTTux9Vvo,1543
jmeter944,eyJhbGciOiJIUzI1NiJ9.eyJzdWIiOiI5NDQiLCJ1c2VybmFtZSI6ImptZXRlcjk0NCIsImlhdCI6MTc4NjU0MTU4MSwiZXhwIjoxNzg2NjI3OTgxfQ.fUbzGkfsuqJVDEka9QaLnHNvnhE_ija97a24_bIaiUY,1544
jmeter945,eyJhbGciOiJIUzI1NiJ9.eyJzdWIiOiI5NDUiLCJ1c2VybmFtZSI6ImptZXRlcjk0NSIsImlhdCI6MTc4NjU0MTU4MSwiZXhwIjoxNzg2NjI3OTgxfQ.HbOBsNK_o2pPXCpwouQzQRqmC_lM1afgQoGqP5-k4Lc,1545
jmeter946,eyJhbGciOiJIUzI1NiJ9.eyJzdWIiOiI5NDYiLCJ1c2VybmFtZSI6ImptZXRlcjk0NiIsImlhdCI6MTc4NjU0MTU4MSwiZXhwIjoxNzg2NjI3OTgxfQ.rzyCoxhZ_NCZwcnjV0CUdXbEz7M2PA1rh8bTly6Agqw,1546
jmeter947,eyJhbGciOiJIUzI1NiJ9.eyJzdWIiOiI5NDciLCJ1c2VybmFtZSI6ImptZXRlcjk0NyIsImlhdCI6MTc4NjU0MTU4MSwiZXhwIjoxNzg2NjI3OTgxfQ.uturbmHkX2Nj4xrtdrw2a3rwUF6AIsphS5LbzVWPgGc,1547
jmeter948,eyJhbGciOiJIUzI1NiJ9.eyJzdWIiOiI5NDgiLCJ1c2VybmFtZSI6ImptZXRlcjk0OCIsImlhdCI6MTc4NjU0MTU4MiwiZXhwIjoxNzg2NjI3OTgyfQ.P3W61w42SFcNUzK5TS_wpd62B5yFyGDNI4TdKBZ5Arc,1548
jmeter949,eyJhbGciOiJIUzI1NiJ9.eyJzdWIiOiI5NDkiLCJ1c2VybmFtZSI6ImptZXRlcjk0OSIsImlhdCI6MTc4NjU0MTU4MiwiZXhwIjoxNzg2NjI3OTgyfQ.uBSaJ-d7gTF2bkC8Foet3fZMTgt1yBMfQNCRoem_Yvk,1549
jmeter950,eyJhbGciOiJIUzI1NiJ9.eyJzdWIiOiI5NTAiLCJ1c2VybmFtZSI6ImptZXRlcjk1MCIsImlhdCI6MTc4NjU0MTU4MiwiZXhwIjoxNzg2NjI3OTgyfQ.6yvsyB7-T0UCNKw-glKFfFCtQ69B47aYvdTIdyLzCUA,1550
jmeter951,eyJhbGciOiJIUzI1NiJ9.eyJzdWIiOiI5NTEiLCJ1c2VybmFtZSI6ImptZXRlcjk1MSIsImlhdCI6MTc4NjU0MTU4MiwiZXhwIjoxNzg2NjI3OTgyfQ.hflqWKoDr5L3ktcCgXGWvmOQvh1hRB2iQEYk_LOPz_s,1551
jmeter952,eyJhbGciOiJIUzI1NiJ9.eyJzdWIiOiI5NTIiLCJ1c2VybmFtZSI6ImptZXRlcjk1MiIsImlhdCI6MTc4NjU0MTU4MiwiZXhwIjoxNzg2NjI3OTgyfQ.0t_hVjwLvhP5EQba6VM9EWNqjpQtDaaKTqPsfT1HAFE,1552
jmeter953,eyJhbGciOiJIUzI1NiJ9.eyJzdWIiOiI5NTMiLCJ1c2VybmFtZSI6ImptZXRlcjk1MyIsImlhdCI6MTc4NjU0MTU4MywiZXhwIjoxNzg2NjI3OTgzfQ.g7hxgkJWM_fDg4XOLa49ksDOINZEeIG0CJofdDZFb8g,1553
jmeter954,eyJhbGciOiJIUzI1NiJ9.eyJzdWIiOiI5NTQiLCJ1c2VybmFtZSI6ImptZXRlcjk1NCIsImlhdCI6MTc4NjU0MTU4MywiZXhwIjoxNzg2NjI3OTgzfQ.o4wWLtF4AQA1Rk70YJEyLygIVdts5UP138mPIlsj_6k,1554
jmeter955,eyJhbGciOiJIUzI1NiJ9.eyJzdWIiOiI5NTUiLCJ1c2VybmFtZSI6ImptZXRlcjk1NSIsImlhdCI6MTc4NjU0MTU4MywiZXhwIjoxNzg2NjI3OTgzfQ.B7qK19kfCpupftXZGAtX6ldnTPUTTnbUoj3EZSLvsfY,1555
jmeter956,eyJhbGciOiJIUzI1NiJ9.eyJzdWIiOiI5NTYiLCJ1c2VybmFtZSI6ImptZXRlcjk1NiIsImlhdCI6MTc4NjU0MTU4MywiZXhwIjoxNzg2NjI3OTgzfQ.h2fsBN4e3is2mQxDCGRHuZxix8mXFFuSuVrgie9Ny3s,1556
jmeter957,eyJhbGciOiJIUzI1NiJ9.eyJzdWIiOiI5NTciLCJ1c2VybmFtZSI6ImptZXRlcjk1NyIsImlhdCI6MTc4NjU0MTU4NCwiZXhwIjoxNzg2NjI3OTg0fQ.puiFcw6K3g66mDwtHcrv-nWFVwdpvlkcVqNiNwIdmMA,1557
jmeter958,eyJhbGciOiJIUzI1NiJ9.eyJzdWIiOiI5NTgiLCJ1c2VybmFtZSI6ImptZXRlcjk1OCIsImlhdCI6MTc4NjU0MTU4NCwiZXhwIjoxNzg2NjI3OTg0fQ.CnpIme9H1lnb7-AnW3NeLDdkaJL-luxs9qOJcvJcxl0,1558
jmeter959,eyJhbGciOiJIUzI1NiJ9.eyJzdWIiOiI5NTkiLCJ1c2VybmFtZSI6ImptZXRlcjk1OSIsImlhdCI6MTc4NjU0MTU4NCwiZXhwIjoxNzg2NjI3OTg0fQ.ySPGYM-ADB_6vB-t8gdwKdXoF3jnFpiVKa7rFG9Bubs,1559
jmeter960,eyJhbGciOiJIUzI1NiJ9.eyJzdWIiOiI5NjAiLCJ1c2VybmFtZSI6ImptZXRlcjk2MCIsImlhdCI6MTc4NjU0MTU4NCwiZXhwIjoxNzg2NjI3OTg0fQ.GtISYqcKCLzDkh9R2zUS0mfdIl1-FfHRjm2pHqatUg4,1560
jmeter961,eyJhbGciOiJIUzI1NiJ9.eyJzdWIiOiI5NjEiLCJ1c2VybmFtZSI6ImptZXRlcjk2MSIsImlhdCI6MTc4NjU0MTU4NSwiZXhwIjoxNzg2NjI3OTg1fQ.mai0RBF4bovkB9H3fFgCE_YeYpAI6EemHMN4m7AUDAs,1561
jmeter962,eyJhbGciOiJIUzI1NiJ9.eyJzdWIiOiI5NjIiLCJ1c2VybmFtZSI6ImptZXRlcjk2MiIsImlhdCI6MTc4NjU0MTU4NSwiZXhwIjoxNzg2NjI3OTg1fQ.jpYu_Q14X5iQ4m97Pk0L4uzNMuHPWpqXxhcn_vd1ZrY,1562
jmeter963,eyJhbGciOiJIUzI1NiJ9.eyJzdWIiOiI5NjMiLCJ1c2VybmFtZSI6ImptZXRlcjk2MyIsImlhdCI6MTc4NjU0MTU4NSwiZXhwIjoxNzg2NjI3OTg1fQ.huRghTMNLnDc7QJ8YvgViMjDXbZUYfYThjHHd9pxuUg,1563
jmeter964,eyJhbGciOiJIUzI1NiJ9.eyJzdWIiOiI5NjQiLCJ1c2VybmFtZSI6ImptZXRlcjk2NCIsImlhdCI6MTc4NjU0MTU4NSwiZXhwIjoxNzg2NjI3OTg1fQ.YdykqriWqjT8XWPG5DGypgMon152rEXi23WqxhQ_EDo,1564
jmeter965,eyJhbGciOiJIUzI1NiJ9.eyJzdWIiOiI5NjUiLCJ1c2VybmFtZSI6ImptZXRlcjk2NSIsImlhdCI6MTc4NjU0MTU4NiwiZXhwIjoxNzg2NjI3OTg2fQ.caroArvmC-n41qctdgXPz6meiEYWcs9JmdRSbvkgHbs,1565
jmeter966,eyJhbGciOiJIUzI1NiJ9.eyJzdWIiOiI5NjYiLCJ1c2VybmFtZSI6ImptZXRlcjk2NiIsImlhdCI6MTc4NjU0MTU4NiwiZXhwIjoxNzg2NjI3OTg2fQ.4fOuCAjz3LPlSZ7WfBzs8sxMEQcQ9dpfWFdH-abLPDU,1566
jmeter967,eyJhbGciOiJIUzI1NiJ9.eyJzdWIiOiI5NjciLCJ1c2VybmFtZSI6ImptZXRlcjk2NyIsImlhdCI6MTc4NjU0MTU4NiwiZXhwIjoxNzg2NjI3OTg2fQ.0ZKB1SmH8eBxs6fuBg501ulMwRU2-8-PrKuwJRymYdg,1567
jmeter968,eyJhbGciOiJIUzI1NiJ9.eyJzdWIiOiI5NjgiLCJ1c2VybmFtZSI6ImptZXRlcjk2OCIsImlhdCI6MTc4NjU0MTU4NiwiZXhwIjoxNzg2NjI3OTg2fQ.vsO1rsQSfjt6R4WG-xU6KJiWveUm9UF3Yz_wYXweGxQ,1568
jmeter969,eyJhbGciOiJIUzI1NiJ9.eyJzdWIiOiI5NjkiLCJ1c2VybmFtZSI6ImptZXRlcjk2OSIsImlhdCI6MTc4NjU0MTU4NiwiZXhwIjoxNzg2NjI3OTg2fQ.QlJpbzgJ0989zpMUmNeCdWQnvkMDTBn1xQ1VGvgJKjA,1569
jmeter970,eyJhbGciOiJIUzI1NiJ9.eyJzdWIiOiI5NzAiLCJ1c2VybmFtZSI6ImptZXRlcjk3MCIsImlhdCI6MTc4NjU0MTU4NywiZXhwIjoxNzg2NjI3OTg3fQ.cU3kP5MyGlWzgOJhSwTbIZpZLrGcXTXzMdcCH_H-ySw,1570
jmeter971,eyJhbGciOiJIUzI1NiJ9.eyJzdWIiOiI5NzEiLCJ1c2VybmFtZSI6ImptZXRlcjk3MSIsImlhdCI6MTc4NjU0MTU4NywiZXhwIjoxNzg2NjI3OTg3fQ.cZjqTbXdO9za2o95WEi80dVp5bvsIkKTvyYmbj9WEI8,1571
jmeter972,eyJhbGciOiJIUzI1NiJ9.eyJzdWIiOiI5NzIiLCJ1c2VybmFtZSI6ImptZXRlcjk3MiIsImlhdCI6MTc4NjU0MTU4NywiZXhwIjoxNzg2NjI3OTg3fQ.h5F9v8cZKCQCcUer9r_N_n4IAmiam6NDVvcLYqkO8CE,1572
jmeter973,eyJhbGciOiJIUzI1NiJ9.eyJzdWIiOiI5NzMiLCJ1c2VybmFtZSI6ImptZXRlcjk3MyIsImlhdCI6MTc4NjU0MTU4NywiZXhwIjoxNzg2NjI3OTg3fQ.0_G-gVGPdcOO15PWhtMyca5eomK8ZESk7xX4_TpKo54,1573
jmeter974,eyJhbGciOiJIUzI1NiJ9.eyJzdWIiOiI5NzQiLCJ1c2VybmFtZSI6ImptZXRlcjk3NCIsImlhdCI6MTc4NjU0MTU4OCwiZXhwIjoxNzg2NjI3OTg4fQ.gknSUr-R9ST9DsmLHnh6nfWIkFNNh2aN4Ba18luvlU4,1574
jmeter975,eyJhbGciOiJIUzI1NiJ9.eyJzdWIiOiI5NzUiLCJ1c2VybmFtZSI6ImptZXRlcjk3NSIsImlhdCI6MTc4NjU0MTU4OCwiZXhwIjoxNzg2NjI3OTg4fQ.Le11SieRyYRwEGBNb4zxiLc8pCpPhY-K0Tl1PTsCSWs,1575
jmeter976,eyJhbGciOiJIUzI1NiJ9.eyJzdWIiOiI5NzYiLCJ1c2VybmFtZSI6ImptZXRlcjk3NiIsImlhdCI6MTc4NjU0MTU4OCwiZXhwIjoxNzg2NjI3OTg4fQ.TG4Jlbk_IdCSCxTnOX8K0ZPfTAMVVXSrGv-gWHu1K9k,1576
jmeter977,eyJhbGciOiJIUzI1NiJ9.eyJzdWIiOiI5NzciLCJ1c2VybmFtZSI6ImptZXRlcjk3NyIsImlhdCI6MTc4NjU0MTU4OCwiZXhwIjoxNzg2NjI3OTg4fQ.8xa7uMHIQTd8oXuLXbFbiMsswZCZ7iJJiM6BrMZzxB8,1577
jmeter978,eyJhbGciOiJIUzI1NiJ9.eyJzdWIiOiI5NzgiLCJ1c2VybmFtZSI6ImptZXRlcjk3OCIsImlhdCI6MTc4NjU0MTU4OSwiZXhwIjoxNzg2NjI3OTg5fQ.7V1fp0_qRp0cVdyrGZIy4DhelmCVXnZziTmUhpsS0sg,1578
jmeter979,eyJhbGciOiJIUzI1NiJ9.eyJzdWIiOiI5NzkiLCJ1c2VybmFtZSI6ImptZXRlcjk3OSIsImlhdCI6MTc4NjU0MTU4OSwiZXhwIjoxNzg2NjI3OTg5fQ.b1j5RKhceyr5MV-Qx5JmGd3aCeBApglSwtnztvyU4SE,1579
jmeter980,eyJhbGciOiJIUzI1NiJ9.eyJzdWIiOiI5ODAiLCJ1c2VybmFtZSI6ImptZXRlcjk4MCIsImlhdCI6MTc4NjU0MTU4OSwiZXhwIjoxNzg2NjI3OTg5fQ.h4idAP9TLHqUz7TWOCgL0Q6KSssBRM8eMJGbm5ef8Zg,1580
jmeter981,eyJhbGciOiJIUzI1NiJ9.eyJzdWIiOiI5ODEiLCJ1c2VybmFtZSI6ImptZXRlcjk4MSIsImlhdCI6MTc4NjU0MTU4OSwiZXhwIjoxNzg2NjI3OTg5fQ.PcKWm6-X-Onbmn2NlGfuipDpibRB2rqA8Ivlhe2l-gk,1581
jmeter982,eyJhbGciOiJIUzI1NiJ9.eyJzdWIiOiI5ODIiLCJ1c2VybmFtZSI6ImptZXRlcjk4MiIsImlhdCI6MTc4NjU0MTU5MCwiZXhwIjoxNzg2NjI3OTkwfQ.i4_ZJ4lst8weSYukR6J_Cfk0eELOCORprUw7VHV0sdg,1582
jmeter983,eyJhbGciOiJIUzI1NiJ9.eyJzdWIiOiI5ODMiLCJ1c2VybmFtZSI6ImptZXRlcjk4MyIsImlhdCI6MTc4NjU0MTU5MCwiZXhwIjoxNzg2NjI3OTkwfQ.J82CU1qk7QVHl9DObSuf9qe0294h9Lk1509opwPKNuU,1583
jmeter984,eyJhbGciOiJIUzI1NiJ9.eyJzdWIiOiI5ODQiLCJ1c2VybmFtZSI6ImptZXRlcjk4NCIsImlhdCI6MTc4NjU0MTU5MCwiZXhwIjoxNzg2NjI3OTkwfQ.xWh-ax5qiS9Eh4W0_9IASz3utmOz36BvoN5tDJ5t1R4,1584
jmeter985,eyJhbGciOiJIUzI1NiJ9.eyJzdWIiOiI5ODUiLCJ1c2VybmFtZSI6ImptZXRlcjk4NSIsImlhdCI6MTc4NjU0MTU5MCwiZXhwIjoxNzg2NjI3OTkwfQ.DjWWayAgulR_dQWH88dJ4tL5i7rABLeHOcrrUQwJtfs,1585
jmeter986,eyJhbGciOiJIUzI1NiJ9.eyJzdWIiOiI5ODYiLCJ1c2VybmFtZSI6ImptZXRlcjk4NiIsImlhdCI6MTc4NjU0MTU5MCwiZXhwIjoxNzg2NjI3OTkwfQ.gHAiYFIgHLqIKhjNTVtjnp7ajixDFXHJ8wTsZ8E00Iw,1586
jmeter987,eyJhbGciOiJIUzI1NiJ9.eyJzdWIiOiI5ODciLCJ1c2VybmFtZSI6ImptZXRlcjk4NyIsImlhdCI6MTc4NjU0MTU5MSwiZXhwIjoxNzg2NjI3OTkxfQ.uRqIZnmF5UWUcp9fORaKY49Kho27KHficcpNHR9crzM,1587
jmeter988,eyJhbGciOiJIUzI1NiJ9.eyJzdWIiOiI5ODgiLCJ1c2VybmFtZSI6ImptZXRlcjk4OCIsImlhdCI6MTc4NjU0MTU5MSwiZXhwIjoxNzg2NjI3OTkxfQ.woRF-alrfOkOKuttCbYmmZk_WKRT_3w7g2UaJ0Du2Hs,1588
jmeter989,eyJhbGciOiJIUzI1NiJ9.eyJzdWIiOiI5ODkiLCJ1c2VybmFtZSI6ImptZXRlcjk4OSIsImlhdCI6MTc4NjU0MTU5MSwiZXhwIjoxNzg2NjI3OTkxfQ.efFJEzE2biEutuKwlkOXLnxeLxB5jCVyk5r4p7qVIRI,1589
jmeter990,eyJhbGciOiJIUzI1NiJ9.eyJzdWIiOiI5OTAiLCJ1c2VybmFtZSI6ImptZXRlcjk5MCIsImlhdCI6MTc4NjU0MTU5MSwiZXhwIjoxNzg2NjI3OTkxfQ.BeuifFCOsidwCB0BXNzcyxf0A2PUs85MsLDcof0NDTE,1590
jmeter991,eyJhbGciOiJIUzI1NiJ9.eyJzdWIiOiI5OTEiLCJ1c2VybmFtZSI6ImptZXRlcjk5MSIsImlhdCI6MTc4NjU0MTU5MiwiZXhwIjoxNzg2NjI3OTkyfQ.xdFV-yIMKaIf95efyhEZ_GNl5qX8b9N-GbJN2zIMoiE,1591
jmeter992,eyJhbGciOiJIUzI1NiJ9.eyJzdWIiOiI5OTIiLCJ1c2VybmFtZSI6ImptZXRlcjk5MiIsImlhdCI6MTc4NjU0MTU5MiwiZXhwIjoxNzg2NjI3OTkyfQ.cHEgEWMdvcVhJhYd8y60j4m8Mh_aMkPq8h4fKSHdmv4,1592
jmeter993,eyJhbGciOiJIUzI1NiJ9.eyJzdWIiOiI5OTMiLCJ1c2VybmFtZSI6ImptZXRlcjk5MyIsImlhdCI6MTc4NjU0MTU5MiwiZXhwIjoxNzg2NjI3OTkyfQ.dbEDQnkmIH94ZFMbXH7Fzpvdxn3B9b6AQamlsFplOX8,1593
jmeter994,eyJhbGciOiJIUzI1NiJ9.eyJzdWIiOiI5OTQiLCJ1c2VybmFtZSI6ImptZXRlcjk5NCIsImlhdCI6MTc4NjU0MTU5MiwiZXhwIjoxNzg2NjI3OTkyfQ.oehIJFVEiKcfCQhvmGNfEbWHTd5t8V3wk1NbFZQIZG0,1594
jmeter995,eyJhbGciOiJIUzI1NiJ9.eyJzdWIiOiI5OTUiLCJ1c2VybmFtZSI6ImptZXRlcjk5NSIsImlhdCI6MTc4NjU0MTU5MywiZXhwIjoxNzg2NjI3OTkzfQ.-4JEV8COWg1lI35c_0tdkG5SYpuzs7bPpzdHD5JRGXU,1595
jmeter996,eyJhbGciOiJIUzI1NiJ9.eyJzdWIiOiI5OTYiLCJ1c2VybmFtZSI6ImptZXRlcjk5NiIsImlhdCI6MTc4NjU0MTU5MywiZXhwIjoxNzg2NjI3OTkzfQ.QkFxxGGFQeYAjtv4knct8Omx4UPmh-S0ON0BaoT3dUc,1596
jmeter997,eyJhbGciOiJIUzI1NiJ9.eyJzdWIiOiI5OTciLCJ1c2VybmFtZSI6ImptZXRlcjk5NyIsImlhdCI6MTc4NjU0MTU5MywiZXhwIjoxNzg2NjI3OTkzfQ.mt4bBeffpAgpeEciR2mOxtIMN7WqfyTfnMXxebCaTb0,1597
jmeter998,eyJhbGciOiJIUzI1NiJ9.eyJzdWIiOiI5OTgiLCJ1c2VybmFtZSI6ImptZXRlcjk5OCIsImlhdCI6MTc4NjU0MTU5MywiZXhwIjoxNzg2NjI3OTkzfQ.B8136RYvGVm34wVrhMD3yXDM2nMD8kpKysaMjGuw7xg,1598
jmeter999,eyJhbGciOiJIUzI1NiJ9.eyJzdWIiOiI5OTkiLCJ1c2VybmFtZSI6ImptZXRlcjk5OSIsImlhdCI6MTc4NjU0MTU5NCwiZXhwIjoxNzg2NjI3OTk0fQ.MLA1vlEeaEwEwLfvJkLaR3E18uZxRtoUZ7d3fn5rEtg,1599
jmeter1000,eyJhbGciOiJIUzI1NiJ9.eyJzdWIiOiIxMDAwIiwidXNlcm5hbWUiOiJqbWV0ZXIxMDAwIiwiaWF0IjoxNzg2NTQxNTk0LCJleHAiOjE3ODY2Mjc5OTR9.xet7MBrDosEK_ShwsZtP0twGM0XN8xoA_l8vsYniZd0,1600
